INSERT INTO dish_types (dish_type_id, dish_type_name) VALUES ('1', 'Italian Pasta');
INSERT INTO dish_types (dish_type_id, dish_type_name) VALUES ('2', 'Chinese Dim Sum');
INSERT INTO dish_types (dish_type_id, dish_type_name) VALUES ('3', 'Indian Curry');
INSERT INTO dish_types (dish_type_id, dish_type_name) VALUES ('4', 'Japanese Sushi');
INSERT INTO dish_types (dish_type_id, dish_type_name) VALUES ('5', 'Mexican Taco');
INSERT INTO dish_types (dish_type_id, dish_type_name) VALUES ('6', 'French Pastry');
INSERT INTO dish_types (dish_type_id, dish_type_name) VALUES ('7', 'Thai Curry');
INSERT INTO dish_types (dish_type_id, dish_type_name) VALUES ('8', 'Spanish Paella');
INSERT INTO dish_types (dish_type_id, dish_type_name) VALUES ('9', 'Lebanese Mezze');
INSERT INTO dish_types (dish_type_id, dish_type_name) VALUES ('10', 'American Burger');
INSERT INTO dish_types (dish_type_id, dish_type_name) VALUES ('11', 'Vietnamese Pho');
INSERT INTO dish_types (dish_type_id, dish_type_name) VALUES ('12', 'Moroccan Tagine');
INSERT INTO dish_types (dish_type_id, dish_type_name) VALUES ('13', 'Greek Gyro');
INSERT INTO dish_types (dish_type_id, dish_type_name) VALUES ('14', 'Turkish Kebab');
INSERT INTO dish_types (dish_type_id, dish_type_name) VALUES ('15', 'Russian Borscht');
INSERT INTO dish_types (dish_type_id, dish_type_name) VALUES ('16', 'Brazilian Churrasco');
INSERT INTO dish_types (dish_type_id, dish_type_name) VALUES ('17', 'Korean BBQ');
INSERT INTO dish_types (dish_type_id, dish_type_name) VALUES ('18', 'Ethiopian Injera');
INSERT INTO dish_types (dish_type_id, dish_type_name) VALUES ('19', 'Portuguese Bacalhau');
INSERT INTO dish_types (dish_type_id, dish_type_name) VALUES ('20', 'Malaysian Nasi Lemak');
INSERT INTO dish_types (dish_type_id, dish_type_name) VALUES ('21', 'British Fish and Chips');
INSERT INTO dish_types (dish_type_id, dish_type_name) VALUES ('22', 'German Sausage');
INSERT INTO dish_types (dish_type_id, dish_type_name) VALUES ('23', 'Swedish Meatballs');
INSERT INTO dish_types (dish_type_id, dish_type_name) VALUES ('24', 'Polish Pierogi');
INSERT INTO dish_types (dish_type_id, dish_type_name) VALUES ('25', 'Dutch Stroopwafel');
INSERT INTO dish_types (dish_type_id, dish_type_name) VALUES ('26', 'Egyptian Koshari');
INSERT INTO dish_types (dish_type_id, dish_type_name) VALUES ('27', 'South African Bobotie');
INSERT INTO dish_types (dish_type_id, dish_type_name) VALUES ('28', 'Cuban Sandwich');
INSERT INTO dish_types (dish_type_id, dish_type_name) VALUES ('29', 'Filipino Adobo');
INSERT INTO dish_types (dish_type_id, dish_type_name) VALUES ('30', 'Peruvian Ceviche');
INSERT INTO dish_types (dish_type_id, dish_type_name) VALUES ('31', 'Indonesian Satay');
INSERT INTO dish_types (dish_type_id, dish_type_name) VALUES ('32', 'Australian Meat Pie');
INSERT INTO dish_types (dish_type_id, dish_type_name) VALUES ('33', 'Canadian Poutine');
INSERT INTO dish_types (dish_type_id, dish_type_name) VALUES ('34', 'Argentinian Empanada');
INSERT INTO dish_types (dish_type_id, dish_type_name) VALUES ('35', 'Nigerian Jollof Rice');
INSERT INTO dish_types (dish_type_id, dish_type_name) VALUES ('36', 'Israeli Falafel');
INSERT INTO dish_types (dish_type_id, dish_type_name) VALUES ('37', 'Belgian Waffle');
INSERT INTO dish_types (dish_type_id, dish_type_name) VALUES ('38', 'Austrian Schnitzel');
INSERT INTO dish_types (dish_type_id, dish_type_name) VALUES ('39', 'Jamaican Jerk Chicken');
INSERT INTO dish_types (dish_type_id, dish_type_name) VALUES ('40', 'Pakistani Biryani');
INSERT INTO dish_types (dish_type_id, dish_type_name) VALUES ('41', 'Singaporean Laksa');
INSERT INTO dish_types (dish_type_id, dish_type_name) VALUES ('42', 'New Zealand Lamb Chops');
INSERT INTO dish_types (dish_type_id, dish_type_name) VALUES ('43', 'Finnish Karelian Pasty');
INSERT INTO dish_types (dish_type_id, dish_type_name) VALUES ('44', 'Colombian Arepa');
INSERT INTO dish_types (dish_type_id, dish_type_name) VALUES ('45', 'Hungarian Goulash');
INSERT INTO dish_types (dish_type_id, dish_type_name) VALUES ('46', 'Icelandic Skyr');
INSERT INTO dish_types (dish_type_id, dish_type_name) VALUES ('47', 'Sri Lankan Hoppers');
INSERT INTO dish_types (dish_type_id, dish_type_name) VALUES ('48', 'Bulgarian Banitsa');
INSERT INTO dish_types (dish_type_id, dish_type_name) VALUES ('49', 'Romanian Sarmale');
INSERT INTO dish_types (dish_type_id, dish_type_name) VALUES ('50', 'Salvadoran Pupusa');
INSERT INTO dish_types (dish_type_id, dish_type_name) VALUES ('51', 'Czech Goulash');
INSERT INTO dish_types (dish_type_id, dish_type_name) VALUES ('52', 'Norwegian Lutefisk');
INSERT INTO dish_types (dish_type_id, dish_type_name) VALUES ('53', 'Ukrainian Borscht');
INSERT INTO dish_types (dish_type_id, dish_type_name) VALUES ('54', 'Mongolian Buuz');
INSERT INTO dish_types (dish_type_id, dish_type_name) VALUES ('55', 'Kenyan Ugali');
INSERT INTO dish_types (dish_type_id, dish_type_name) VALUES ('56', 'Tanzanian Zanzibar Pizza');
INSERT INTO dish_types (dish_type_id, dish_type_name) VALUES ('57', 'Omani Shuwa');
INSERT INTO dish_types (dish_type_id, dish_type_name) VALUES ('58', 'Bangladeshi Hilsa Fish Curry');
INSERT INTO dish_types (dish_type_id, dish_type_name) VALUES ('59', 'Bhutanese Ema Datshi');
INSERT INTO dish_types (dish_type_id, dish_type_name) VALUES ('60', 'Laotian Larb');
INSERT INTO dish_types (dish_type_id, dish_type_name) VALUES ('61', 'Afghan Mantu');
INSERT INTO dish_types (dish_type_id, dish_type_name) VALUES ('62', 'Algerian Couscous');
INSERT INTO dish_types (dish_type_id, dish_type_name) VALUES ('63', 'Andorran Trinxat');
INSERT INTO dish_types (dish_type_id, dish_type_name) VALUES ('64', 'Armenian Dolma');
INSERT INTO dish_types (dish_type_id, dish_type_name) VALUES ('65', 'Azerbaijani Plov');
INSERT INTO dish_types (dish_type_id, dish_type_name) VALUES ('66', 'Bahamian Conch Fritters');
INSERT INTO dish_types (dish_type_id, dish_type_name) VALUES ('67', 'Bahraini Machboos');
INSERT INTO dish_types (dish_type_id, dish_type_name) VALUES ('68', 'Barbadian Cou-Cou');
INSERT INTO dish_types (dish_type_id, dish_type_name) VALUES ('69', 'Belarusian Draniki');
INSERT INTO dish_types (dish_type_id, dish_type_name) VALUES ('70', 'Belizean Rice and Beans');
INSERT INTO dish_types (dish_type_id, dish_type_name) VALUES ('71', 'Beninese Yovo Doko');
INSERT INTO dish_types (dish_type_id, dish_type_name) VALUES ('72', 'Bhutanese Ema Datshi');
INSERT INTO dish_types (dish_type_id, dish_type_name) VALUES ('73', 'Bolivian Salteñas');
INSERT INTO dish_types (dish_type_id, dish_type_name) VALUES ('74', 'Bosnian Ćevapi');
INSERT INTO dish_types (dish_type_id, dish_type_name) VALUES ('75', 'Botswanan Seswaa');
INSERT INTO dish_types (dish_type_id, dish_type_name) VALUES ('76', 'Bruneian Ambuyat');
INSERT INTO dish_types (dish_type_id, dish_type_name) VALUES ('77', 'Burkinabe Riz Gras');
INSERT INTO dish_types (dish_type_id, dish_type_name) VALUES ('78', 'Burmese Mohinga');
INSERT INTO dish_types (dish_type_id, dish_type_name) VALUES ('79', 'Cambodian Amok');
INSERT INTO dish_types (dish_type_id, dish_type_name) VALUES ('80', 'Cameroonian Ndolé');
INSERT INTO dish_types (dish_type_id, dish_type_name) VALUES ('81', 'Cape Verdean Cachupa');
INSERT INTO dish_types (dish_type_id, dish_type_name) VALUES ('82', 'Central African Cassava Fufu');
INSERT INTO dish_types (dish_type_id, dish_type_name) VALUES ('83', 'Chadian Boule');
INSERT INTO dish_types (dish_type_id, dish_type_name) VALUES ('84', 'Chilean Empanada');
INSERT INTO dish_types (dish_type_id, dish_type_name) VALUES ('85', 'Comorian Langouste a la Vanille');
INSERT INTO dish_types (dish_type_id, dish_type_name) VALUES ('86', 'Congolese Moambe');
INSERT INTO dish_types (dish_type_id, dish_type_name) VALUES ('87', 'Costa Rican Gallo Pinto');
INSERT INTO dish_types (dish_type_id, dish_type_name) VALUES ('88', 'Croatian Peka');
INSERT INTO dish_types (dish_type_id, dish_type_name) VALUES ('89', 'Cypriot Halloumi');
INSERT INTO dish_types (dish_type_id, dish_type_name) VALUES ('90', 'Djiboutian Fah-fah');
INSERT INTO dish_types (dish_type_id, dish_type_name) VALUES ('91', 'Dominican Sancocho');
INSERT INTO dish_types (dish_type_id, dish_type_name) VALUES ('92', 'East Timorese Ikan Pepes');
INSERT INTO dish_types (dish_type_id, dish_type_name) VALUES ('93', 'Ecuadorian Ceviche');
INSERT INTO dish_types (dish_type_id, dish_type_name) VALUES ('94', 'Eritrean Zigni');
INSERT INTO dish_types (dish_type_id, dish_type_name) VALUES ('95', 'Estonian Verivorst');
INSERT INTO dish_types (dish_type_id, dish_type_name) VALUES ('96', 'Fijian Kokoda');
INSERT INTO dish_types (dish_type_id, dish_type_name) VALUES ('97', 'Gabonese Poulet Nyembwe');
INSERT INTO dish_types (dish_type_id, dish_type_name) VALUES ('98', 'Georgian Khachapuri');
INSERT INTO dish_types (dish_type_id, dish_type_name) VALUES ('99', 'Ghanaian Fufu');
INSERT INTO dish_types (dish_type_id, dish_type_name) VALUES ('100', 'Grenadian Oil Down');
INSERT INTO dish_types (dish_type_id, dish_type_name) VALUES ('101', 'Dessert');
INSERT INTO dish_types (dish_type_id, dish_type_name) VALUES ('102', 'Main Course');
INSERT INTO ingredients (ingredient_id, ingredient_name) VALUES ('149', 'Agave Syrup');
INSERT INTO ingredients (ingredient_id, ingredient_name) VALUES ('28', 'Almonds');
INSERT INTO ingredients (ingredient_id, ingredient_name) VALUES ('109', 'Anchovy');
INSERT INTO ingredients (ingredient_id, ingredient_name) VALUES ('139', 'Apple Cider Vinegar');
INSERT INTO ingredients (ingredient_id, ingredient_name) VALUES ('55', 'Apples');
INSERT INTO ingredients (ingredient_id, ingredient_name) VALUES ('94', 'Artichoke');
INSERT INTO ingredients (ingredient_id, ingredient_name) VALUES ('95', 'Asparagus');
INSERT INTO ingredients (ingredient_id, ingredient_name) VALUES ('164', 'Baking Powder');
INSERT INTO ingredients (ingredient_id, ingredient_name) VALUES ('165', 'Baking Soda');
INSERT INTO ingredients (ingredient_id, ingredient_name) VALUES ('138', 'Balsamic Vinegar');
INSERT INTO ingredients (ingredient_id, ingredient_name) VALUES ('56', 'Bananas');
INSERT INTO ingredients (ingredient_id, ingredient_name) VALUES ('84', 'Barley');
INSERT INTO ingredients (ingredient_id, ingredient_name) VALUES ('9', 'Basil');
INSERT INTO ingredients (ingredient_id, ingredient_name) VALUES ('24', 'Bay Leaves');
INSERT INTO ingredients (ingredient_id, ingredient_name) VALUES ('32', 'Beef');
INSERT INTO ingredients (ingredient_id, ingredient_name) VALUES ('89', 'Beetroot');
INSERT INTO ingredients (ingredient_id, ingredient_name) VALUES ('52', 'Bell Pepper');
INSERT INTO ingredients (ingredient_id, ingredient_name) VALUES ('77', 'Black Beans');
INSERT INTO ingredients (ingredient_id, ingredient_name) VALUES ('11', 'Black Pepper');
INSERT INTO ingredients (ingredient_id, ingredient_name) VALUES ('160', 'Black Tea');
INSERT INTO ingredients (ingredient_id, ingredient_name) VALUES ('108', 'Blackberry');
INSERT INTO ingredients (ingredient_id, ingredient_name) VALUES ('125', 'Blue Cheese');
INSERT INTO ingredients (ingredient_id, ingredient_name) VALUES ('61', 'Blueberries');
INSERT INTO ingredients (ingredient_id, ingredient_name) VALUES ('67', 'Bread');
INSERT INTO ingredients (ingredient_id, ingredient_name) VALUES ('47', 'Broccoli');
INSERT INTO ingredients (ingredient_id, ingredient_name) VALUES ('86', 'Buckwheat');
INSERT INTO ingredients (ingredient_id, ingredient_name) VALUES ('4', 'Butter');
INSERT INTO ingredients (ingredient_id, ingredient_name) VALUES ('128', 'Buttermilk');
INSERT INTO ingredients (ingredient_id, ingredient_name) VALUES ('50', 'Cabbage');
INSERT INTO ingredients (ingredient_id, ingredient_name) VALUES ('135', 'Canola Oil');
INSERT INTO ingredients (ingredient_id, ingredient_name) VALUES ('100', 'Cantaloupe');
INSERT INTO ingredients (ingredient_id, ingredient_name) VALUES ('16', 'Cardamom');
INSERT INTO ingredients (ingredient_id, ingredient_name) VALUES ('46', 'Carrots');
INSERT INTO ingredients (ingredient_id, ingredient_name) VALUES ('161', 'Chamomile Tea');
INSERT INTO ingredients (ingredient_id, ingredient_name) VALUES ('123', 'Cheddar Cheese');
INSERT INTO ingredients (ingredient_id, ingredient_name) VALUES ('41', 'Cheese');
INSERT INTO ingredients (ingredient_id, ingredient_name) VALUES ('31', 'Chicken');
INSERT INTO ingredients (ingredient_id, ingredient_name) VALUES ('76', 'Chickpeas');
INSERT INTO ingredients (ingredient_id, ingredient_name) VALUES ('20', 'Chili Powder');
INSERT INTO ingredients (ingredient_id, ingredient_name) VALUES ('72', 'Chocolate');
INSERT INTO ingredients (ingredient_id, ingredient_name) VALUES ('13', 'Cinnamon');
INSERT INTO ingredients (ingredient_id, ingredient_name) VALUES ('17', 'Cloves');
INSERT INTO ingredients (ingredient_id, ingredient_name) VALUES ('73', 'Cocoa Powder');
INSERT INTO ingredients (ingredient_id, ingredient_name) VALUES ('74', 'Coconut');
INSERT INTO ingredients (ingredient_id, ingredient_name) VALUES ('137', 'Coconut Oil');
INSERT INTO ingredients (ingredient_id, ingredient_name) VALUES ('162', 'Coffee Beans');
INSERT INTO ingredients (ingredient_id, ingredient_name) VALUES ('129', 'Condensed Milk');
INSERT INTO ingredients (ingredient_id, ingredient_name) VALUES ('25', 'Coriander');
INSERT INTO ingredients (ingredient_id, ingredient_name) VALUES ('83', 'Corn');
INSERT INTO ingredients (ingredient_id, ingredient_name) VALUES ('87', 'Couscous');
INSERT INTO ingredients (ingredient_id, ingredient_name) VALUES ('38', 'Crab');
INSERT INTO ingredients (ingredient_id, ingredient_name) VALUES ('43', 'Cream');
INSERT INTO ingredients (ingredient_id, ingredient_name) VALUES ('51', 'Cucumber');
INSERT INTO ingredients (ingredient_id, ingredient_name) VALUES ('12', 'Cumin');
INSERT INTO ingredients (ingredient_id, ingredient_name) VALUES ('106', 'Date');
INSERT INTO ingredients (ingredient_id, ingredient_name) VALUES ('117', 'Duck');
INSERT INTO ingredients (ingredient_id, ingredient_name) VALUES ('53', 'Eggplant');
INSERT INTO ingredients (ingredient_id, ingredient_name) VALUES ('44', 'Eggs');
INSERT INTO ingredients (ingredient_id, ingredient_name) VALUES ('105', 'Fig');
INSERT INTO ingredients (ingredient_id, ingredient_name) VALUES ('133', 'Flax Seeds');
INSERT INTO ingredients (ingredient_id, ingredient_name) VALUES ('1', 'Flour');
INSERT INTO ingredients (ingredient_id, ingredient_name) VALUES ('6', 'Garlic');
INSERT INTO ingredients (ingredient_id, ingredient_name) VALUES ('14', 'Ginger');
INSERT INTO ingredients (ingredient_id, ingredient_name) VALUES ('119', 'Goose');
INSERT INTO ingredients (ingredient_id, ingredient_name) VALUES ('124', 'Gouda Cheese');
INSERT INTO ingredients (ingredient_id, ingredient_name) VALUES ('58', 'Grapes');
INSERT INTO ingredients (ingredient_id, ingredient_name) VALUES ('79', 'Green Peas');
INSERT INTO ingredients (ingredient_id, ingredient_name) VALUES ('159', 'Green Tea');
INSERT INTO ingredients (ingredient_id, ingredient_name) VALUES ('126', 'Heavy Cream');
INSERT INTO ingredients (ingredient_id, ingredient_name) VALUES ('70', 'Honey');
INSERT INTO ingredients (ingredient_id, ingredient_name) VALUES ('101', 'Honeydew');
INSERT INTO ingredients (ingredient_id, ingredient_name) VALUES ('145', 'Hot Sauce');
INSERT INTO ingredients (ingredient_id, ingredient_name) VALUES ('148', 'Hummus');
INSERT INTO ingredients (ingredient_id, ingredient_name) VALUES ('143', 'Ketchup');
INSERT INTO ingredients (ingredient_id, ingredient_name) VALUES ('78', 'Kidney Beans');
INSERT INTO ingredients (ingredient_id, ingredient_name) VALUES ('103', 'Kiwi');
INSERT INTO ingredients (ingredient_id, ingredient_name) VALUES ('34', 'Lamb');
INSERT INTO ingredients (ingredient_id, ingredient_name) VALUES ('96', 'Leeks');
INSERT INTO ingredients (ingredient_id, ingredient_name) VALUES ('59', 'Lemons');
INSERT INTO ingredients (ingredient_id, ingredient_name) VALUES ('75', 'Lentils');
INSERT INTO ingredients (ingredient_id, ingredient_name) VALUES ('49', 'Lettuce');
INSERT INTO ingredients (ingredient_id, ingredient_name) VALUES ('39', 'Lobster');
INSERT INTO ingredients (ingredient_id, ingredient_name) VALUES ('110', 'Mackerel');
INSERT INTO ingredients (ingredient_id, ingredient_name) VALUES ('64', 'Mango');
INSERT INTO ingredients (ingredient_id, ingredient_name) VALUES ('71', 'Maple Syrup');
INSERT INTO ingredients (ingredient_id, ingredient_name) VALUES ('144', 'Mayonnaise');
INSERT INTO ingredients (ingredient_id, ingredient_name) VALUES ('40', 'Milk');
INSERT INTO ingredients (ingredient_id, ingredient_name) VALUES ('150', 'Molasses');
INSERT INTO ingredients (ingredient_id, ingredient_name) VALUES ('122', 'Mozzarella Cheese');
INSERT INTO ingredients (ingredient_id, ingredient_name) VALUES ('97', 'Mushrooms');
INSERT INTO ingredients (ingredient_id, ingredient_name) VALUES ('113', 'Mussels');
INSERT INTO ingredients (ingredient_id, ingredient_name) VALUES ('142', 'Mustard');
INSERT INTO ingredients (ingredient_id, ingredient_name) VALUES ('155', 'Nori');
INSERT INTO ingredients (ingredient_id, ingredient_name) VALUES ('15', 'Nutmeg');
INSERT INTO ingredients (ingredient_id, ingredient_name) VALUES ('68', 'Oats');
INSERT INTO ingredients (ingredient_id, ingredient_name) VALUES ('114', 'Octopus');
INSERT INTO ingredients (ingredient_id, ingredient_name) VALUES ('5', 'Olive Oil');
INSERT INTO ingredients (ingredient_id, ingredient_name) VALUES ('7', 'Onion');
INSERT INTO ingredients (ingredient_id, ingredient_name) VALUES ('57', 'Oranges');
INSERT INTO ingredients (ingredient_id, ingredient_name) VALUES ('21', 'Oregano');
INSERT INTO ingredients (ingredient_id, ingredient_name) VALUES ('102', 'Papaya');
INSERT INTO ingredients (ingredient_id, ingredient_name) VALUES ('19', 'Paprika');
INSERT INTO ingredients (ingredient_id, ingredient_name) VALUES ('121', 'Parmesan Cheese');
INSERT INTO ingredients (ingredient_id, ingredient_name) VALUES ('10', 'Parsley');
INSERT INTO ingredients (ingredient_id, ingredient_name) VALUES ('66', 'Pasta');
INSERT INTO ingredients (ingredient_id, ingredient_name) VALUES ('62', 'Peaches');
INSERT INTO ingredients (ingredient_id, ingredient_name) VALUES ('29', 'Peanuts');
INSERT INTO ingredients (ingredient_id, ingredient_name) VALUES ('147', 'Pesto');
INSERT INTO ingredients (ingredient_id, ingredient_name) VALUES ('63', 'Pineapple');
INSERT INTO ingredients (ingredient_id, ingredient_name) VALUES ('88', 'Polenta');
INSERT INTO ingredients (ingredient_id, ingredient_name) VALUES ('104', 'Pomegranate');
INSERT INTO ingredients (ingredient_id, ingredient_name) VALUES ('33', 'Pork');
INSERT INTO ingredients (ingredient_id, ingredient_name) VALUES ('45', 'Potatoes');
INSERT INTO ingredients (ingredient_id, ingredient_name) VALUES ('91', 'Pumpkin');
INSERT INTO ingredients (ingredient_id, ingredient_name) VALUES ('132', 'Pumpkin Seeds');
INSERT INTO ingredients (ingredient_id, ingredient_name) VALUES ('120', 'Quail');
INSERT INTO ingredients (ingredient_id, ingredient_name) VALUES ('69', 'Quinoa');
INSERT INTO ingredients (ingredient_id, ingredient_name) VALUES ('93', 'Radish');
INSERT INTO ingredients (ingredient_id, ingredient_name) VALUES ('107', 'Raspberry');
INSERT INTO ingredients (ingredient_id, ingredient_name) VALUES ('152', 'Red Wine');
INSERT INTO ingredients (ingredient_id, ingredient_name) VALUES ('141', 'Red Wine Vinegar');
INSERT INTO ingredients (ingredient_id, ingredient_name) VALUES ('65', 'Rice');
INSERT INTO ingredients (ingredient_id, ingredient_name) VALUES ('157', 'Rice Noodles');
INSERT INTO ingredients (ingredient_id, ingredient_name) VALUES ('153', 'Rice Wine');
INSERT INTO ingredients (ingredient_id, ingredient_name) VALUES ('23', 'Rosemary');
INSERT INTO ingredients (ingredient_id, ingredient_name) VALUES ('85', 'Rye');
INSERT INTO ingredients (ingredient_id, ingredient_name) VALUES ('26', 'Saffron');
INSERT INTO ingredients (ingredient_id, ingredient_name) VALUES ('35', 'Salmon');
INSERT INTO ingredients (ingredient_id, ingredient_name) VALUES ('3', 'Salt');
INSERT INTO ingredients (ingredient_id, ingredient_name) VALUES ('167', 'Salt');
INSERT INTO ingredients (ingredient_id, ingredient_name) VALUES ('169', 'Salt');
INSERT INTO ingredients (ingredient_id, ingredient_name) VALUES ('111', 'Sardines');
INSERT INTO ingredients (ingredient_id, ingredient_name) VALUES ('112', 'Scallops');
INSERT INTO ingredients (ingredient_id, ingredient_name) VALUES ('154', 'Seaweed');
INSERT INTO ingredients (ingredient_id, ingredient_name) VALUES ('134', 'Sesame Oil');
INSERT INTO ingredients (ingredient_id, ingredient_name) VALUES ('130', 'Sesame Seeds');
INSERT INTO ingredients (ingredient_id, ingredient_name) VALUES ('37', 'Shrimp');
INSERT INTO ingredients (ingredient_id, ingredient_name) VALUES ('156', 'Soba Noodles');
INSERT INTO ingredients (ingredient_id, ingredient_name) VALUES ('127', 'Sour Cream');
INSERT INTO ingredients (ingredient_id, ingredient_name) VALUES ('80', 'Soybeans');
INSERT INTO ingredients (ingredient_id, ingredient_name) VALUES ('48', 'Spinach');
INSERT INTO ingredients (ingredient_id, ingredient_name) VALUES ('115', 'Squid');
INSERT INTO ingredients (ingredient_id, ingredient_name) VALUES ('60', 'Strawberries');
INSERT INTO ingredients (ingredient_id, ingredient_name) VALUES ('2', 'Sugar');
INSERT INTO ingredients (ingredient_id, ingredient_name) VALUES ('166', 'Sugar');
INSERT INTO ingredients (ingredient_id, ingredient_name) VALUES ('168', 'Sugar');
INSERT INTO ingredients (ingredient_id, ingredient_name) VALUES ('131', 'Sunflower Seeds');
INSERT INTO ingredients (ingredient_id, ingredient_name) VALUES ('90', 'Sweet Potato');
INSERT INTO ingredients (ingredient_id, ingredient_name) VALUES ('146', 'Tahini');
INSERT INTO ingredients (ingredient_id, ingredient_name) VALUES ('82', 'Tempeh');
INSERT INTO ingredients (ingredient_id, ingredient_name) VALUES ('22', 'Thyme');
INSERT INTO ingredients (ingredient_id, ingredient_name) VALUES ('81', 'Tofu');
INSERT INTO ingredients (ingredient_id, ingredient_name) VALUES ('8', 'Tomatoes');
INSERT INTO ingredients (ingredient_id, ingredient_name) VALUES ('98', 'Truffle');
INSERT INTO ingredients (ingredient_id, ingredient_name) VALUES ('36', 'Tuna');
INSERT INTO ingredients (ingredient_id, ingredient_name) VALUES ('118', 'Turkey');
INSERT INTO ingredients (ingredient_id, ingredient_name) VALUES ('18', 'Turmeric');
INSERT INTO ingredients (ingredient_id, ingredient_name) VALUES ('92', 'Turnip');
INSERT INTO ingredients (ingredient_id, ingredient_name) VALUES ('158', 'Udon Noodles');
INSERT INTO ingredients (ingredient_id, ingredient_name) VALUES ('27', 'Vanilla');
INSERT INTO ingredients (ingredient_id, ingredient_name) VALUES ('136', 'Vegetable Oil');
INSERT INTO ingredients (ingredient_id, ingredient_name) VALUES ('116', 'Venison');
INSERT INTO ingredients (ingredient_id, ingredient_name) VALUES ('30', 'Walnuts');
INSERT INTO ingredients (ingredient_id, ingredient_name) VALUES ('99', 'Watermelon');
INSERT INTO ingredients (ingredient_id, ingredient_name) VALUES ('140', 'White Vinegar');
INSERT INTO ingredients (ingredient_id, ingredient_name) VALUES ('151', 'White Wine');
INSERT INTO ingredients (ingredient_id, ingredient_name) VALUES ('163', 'Yeast');
INSERT INTO ingredients (ingredient_id, ingredient_name) VALUES ('42', 'Yogurt');
INSERT INTO ingredients (ingredient_id, ingredient_name) VALUES ('54', 'Zucchini');
INSERT INTO recipes (recipe_id, recipe_name, dish_type_id, calories) VALUES ('1', 'Classic Margherita Pizza', '1', '400');
INSERT INTO recipes (recipe_id, recipe_name, dish_type_id, calories) VALUES ('2', 'Spicy Thai Green Curry', '2', '400');
INSERT INTO recipes (recipe_id, recipe_name, dish_type_id, calories) VALUES ('3', 'Traditional Beef Stroganoff', '3', '500');
INSERT INTO recipes (recipe_id, recipe_name, dish_type_id, calories) VALUES ('4', 'Vegetarian Lasagna', '4', '350');
INSERT INTO recipes (recipe_id, recipe_name, dish_type_id, calories) VALUES ('5', 'Chicken Tikka Masala', '5', '450');
INSERT INTO recipes (recipe_id, recipe_name, dish_type_id, calories) VALUES ('6', 'Quinoa and Black Bean Salad', '6', '310');
INSERT INTO recipes (recipe_id, recipe_name, dish_type_id, calories) VALUES ('7', 'Moroccan Chicken Tagine', '7', '420');
INSERT INTO recipes (recipe_id, recipe_name, dish_type_id, calories) VALUES ('8', 'French Onion Soup', '8', '280');
INSERT INTO recipes (recipe_id, recipe_name, dish_type_id, calories) VALUES ('9', 'Sushi Platter Assortment', '9', '370');
INSERT INTO recipes (recipe_id, recipe_name, dish_type_id, calories) VALUES ('10', 'Mexican Chorizo Tacos', '10', '390');
INSERT INTO recipes (recipe_id, recipe_name, dish_type_id, calories) VALUES ('11', 'New York Cheesecake', '11', '450');
INSERT INTO recipes (recipe_id, recipe_name, dish_type_id, calories) VALUES ('12', 'Korean Bibimbap', '12', '430');
INSERT INTO recipes (recipe_id, recipe_name, dish_type_id, calories) VALUES ('13', 'Spanish Seafood Paella', '13', '490');
INSERT INTO recipes (recipe_id, recipe_name, dish_type_id, calories) VALUES ('14', 'Vegan Buddha Bowl', '14', '360');
INSERT INTO recipes (recipe_id, recipe_name, dish_type_id, calories) VALUES ('15', 'Grilled Salmon with Dill Sauce', '15', '410');
INSERT INTO recipes (recipe_id, recipe_name, dish_type_id, calories) VALUES ('16', 'Italian Tiramisu', '16', '420');
INSERT INTO recipes (recipe_id, recipe_name, dish_type_id, calories) VALUES ('17', 'Indian Vegetable Samosa', '17', '250');
INSERT INTO recipes (recipe_id, recipe_name, dish_type_id, calories) VALUES ('18', 'BBQ Pulled Pork Sandwich', '18', '520');
INSERT INTO recipes (recipe_id, recipe_name, dish_type_id, calories) VALUES ('19', 'Greek Moussaka', '19', '480');
INSERT INTO recipes (recipe_id, recipe_name, dish_type_id, calories) VALUES ('20', 'Japanese Ramen Bowl', '20', '550');
INSERT INTO recipes (recipe_id, recipe_name, dish_type_id, calories) VALUES ('21', 'Chocolate Lava Cake', '31', '390');
INSERT INTO recipes (recipe_id, recipe_name, dish_type_id, calories) VALUES ('22', 'Smoked Texas Brisket', '32', '580');
INSERT INTO recipes (recipe_id, recipe_name, dish_type_id, calories) VALUES ('23', 'Turkish Baklava', '33', '330');
INSERT INTO recipes (recipe_id, recipe_name, dish_type_id, calories) VALUES ('24', 'Cantonese Dim Sum Platter', '34', '380');
INSERT INTO recipes (recipe_id, recipe_name, dish_type_id, calories) VALUES ('25', 'Brazilian Feijoada', '35', '470');
INSERT INTO recipes (recipe_id, recipe_name, dish_type_id, calories) VALUES ('26', 'Peruvian Ceviche', '36', '310');
INSERT INTO recipes (recipe_id, recipe_name, dish_type_id, calories) VALUES ('27', 'American Apple Pie', '37', '410');
INSERT INTO recipes (recipe_id, recipe_name, dish_type_id, calories) VALUES ('28', 'German Schnitzel', '38', '490');
INSERT INTO recipes (recipe_id, recipe_name, dish_type_id, calories) VALUES ('29', 'Ethiopian Doro Wat', '39', '440');
INSERT INTO recipes (recipe_id, recipe_name, dish_type_id, calories) VALUES ('30', 'Lebanese Falafel Pita', '40', '400');
INSERT INTO recipes (recipe_id, recipe_name, dish_type_id, calories) VALUES ('31', 'Zucchini Noodles with Pesto', '61', '220');
INSERT INTO recipes (recipe_id, recipe_name, dish_type_id, calories) VALUES ('32', 'Lamb Rogan Josh', '62', '510');
INSERT INTO recipes (recipe_id, recipe_name, dish_type_id, calories) VALUES ('33', 'Swedish Meatballs', '63', '470');
INSERT INTO recipes (recipe_id, recipe_name, dish_type_id, calories) VALUES ('34', 'Russian Borscht', '64', '280');
INSERT INTO recipes (recipe_id, recipe_name, dish_type_id, calories) VALUES ('35', 'Australian Lamb Chops', '65', '450');
INSERT INTO recipes (recipe_id, recipe_name, dish_type_id, calories) VALUES ('36', 'Portuguese Egg Tart', '66', '300');
INSERT INTO recipes (recipe_id, recipe_name, dish_type_id, calories) VALUES ('37', 'Vietnamese Pho', '67', '350');
INSERT INTO recipes (recipe_id, recipe_name, dish_type_id, calories) VALUES ('38', 'English Fish and Chips', '68', '600');
INSERT INTO recipes (recipe_id, recipe_name, dish_type_id, calories) VALUES ('39', 'Argentinian Chimichurri Steak', '69', '550');
INSERT INTO recipes (recipe_id, recipe_name, dish_type_id, calories) VALUES ('40', 'South African Bobotie', '70', '480');
INSERT INTO recipes (recipe_id, recipe_name, dish_type_id, calories) VALUES ('41', 'Belgian Waffles', '71', '330');
INSERT INTO recipes (recipe_id, recipe_name, dish_type_id, calories) VALUES ('42', 'Chicken Caesar Salad', '72', '410');
INSERT INTO recipes (recipe_id, recipe_name, dish_type_id, calories) VALUES ('43', 'Beef Bourguignon', '73', '540');
INSERT INTO recipes (recipe_id, recipe_name, dish_type_id, calories) VALUES ('44', 'Pad Thai', '74', '430');
INSERT INTO recipes (recipe_id, recipe_name, dish_type_id, calories) VALUES ('45', 'Spanish Gazpacho', '75', '220');
INSERT INTO recipes (recipe_id, recipe_name, dish_type_id, calories) VALUES ('46', 'Caribbean Jerk Chicken', '76', '470');
INSERT INTO recipes (recipe_id, recipe_name, dish_type_id, calories) VALUES ('47', 'Butternut Squash Risotto', '77', '380');
INSERT INTO recipes (recipe_id, recipe_name, dish_type_id, calories) VALUES ('48', 'Lamb Kebabs with Tzatziki', '78', '410');
INSERT INTO recipes (recipe_id, recipe_name, dish_type_id, calories) VALUES ('49', 'Shrimp Scampi', '79', '340');
INSERT INTO recipes (recipe_id, recipe_name, dish_type_id, calories) VALUES ('50', 'Cuban Sandwich', '80', '420');
INSERT INTO recipes (recipe_id, recipe_name, dish_type_id, calories) VALUES ('51', 'Hungarian Goulash', '81', '460');
INSERT INTO recipes (recipe_id, recipe_name, dish_type_id, calories) VALUES ('52', 'Jamaican Beef Patties', '82', '400');
INSERT INTO recipes (recipe_id, recipe_name, dish_type_id, calories) VALUES ('53', 'Tom Yum Soup', '83', '310');
INSERT INTO recipes (recipe_id, recipe_name, dish_type_id, calories) VALUES ('54', 'Austrian Apple Strudel', '84', '360');
INSERT INTO recipes (recipe_id, recipe_name, dish_type_id, calories) VALUES ('55', 'Filipino Adobo', '85', '370');
INSERT INTO recipes (recipe_id, recipe_name, dish_type_id, calories) VALUES ('56', 'Canadian Poutine', '86', '530');
INSERT INTO recipes (recipe_id, recipe_name, dish_type_id, calories) VALUES ('57', 'Danish Smørrebrød', '87', '290');
INSERT INTO recipes (recipe_id, recipe_name, dish_type_id, calories) VALUES ('58', 'Egyptian Koshari', '88', '400');
INSERT INTO recipes (recipe_id, recipe_name, dish_type_id, calories) VALUES ('59', 'Finnish Salmon Soup', '89', '350');
INSERT INTO recipes (recipe_id, recipe_name, dish_type_id, calories) VALUES ('60', 'Ghanaian Jollof Rice', '90', '450');
INSERT INTO recipes (recipe_id, recipe_name, dish_type_id, calories) VALUES ('61', 'Hawaiian Poke Bowl', '91', '380');
INSERT INTO recipes (recipe_id, recipe_name, dish_type_id, calories) VALUES ('62', 'Irish Beef Stew', '92', '500');
INSERT INTO recipes (recipe_id, recipe_name, dish_type_id, calories) VALUES ('63', 'Jollof Rice', '93', '450');
INSERT INTO recipes (recipe_id, recipe_name, dish_type_id, calories) VALUES ('64', 'Korean Kimchi Stew', '94', '360');
INSERT INTO recipes (recipe_id, recipe_name, dish_type_id, calories) VALUES ('65', 'Lebanese Tabouleh', '95', '270');
INSERT INTO recipes (recipe_id, recipe_name, dish_type_id, calories) VALUES ('66', 'Malaysian Rendang', '96', '520');
INSERT INTO recipes (recipe_id, recipe_name, dish_type_id, calories) VALUES ('67', 'Nigerian Pounded Yam and Egusi Soup', '97', '400');
INSERT INTO recipes (recipe_id, recipe_name, dish_type_id, calories) VALUES ('68', 'Omani Shuwa', '98', '560');
INSERT INTO recipes (recipe_id, recipe_name, dish_type_id, calories) VALUES ('69', 'Polish Pierogi', '99', '420');
INSERT INTO recipes (recipe_id, recipe_name, dish_type_id, calories) VALUES ('70', 'Qatari Machboos', '100', '510');
INSERT INTO recipes (recipe_id, recipe_name, dish_type_id, calories) VALUES ('71', 'Test Recipe', '1', '100');
INSERT INTO recipes (recipe_id, recipe_name, dish_type_id, calories) VALUES ('72', 'Chocolate Cake', '1', '500');
INSERT INTO recipes (recipe_id, recipe_name, dish_type_id, calories) VALUES ('73', 'Chocolate Cake', '1', '500');
INSERT INTO recipes (recipe_id, recipe_name, dish_type_id, calories) VALUES ('74', 'Fruit Salad', '1', '300');
INSERT INTO recipes (recipe_id, recipe_name, dish_type_id, calories) VALUES ('75', 'Test Recipe', '1', '300');
INSERT INTO recipes (recipe_id, recipe_name, dish_type_id, calories) VALUES ('76', 'Sample Recipe', '1', '200');
INSERT INTO recipes (recipe_id, recipe_name, dish_type_id, calories) VALUES ('77', 'Sample Recipe', '1', '200');
INSERT INTO recipes (recipe_id, recipe_name, dish_type_id, calories) VALUES ('78', 'Test Recipe', '2', '200');
INSERT INTO recipes (recipe_id, recipe_name, dish_type_id, calories) VALUES ('79', 'Chocolate Cake', '1', '500');
INSERT INTO recipes (recipe_id, recipe_name, dish_type_id, calories) VALUES ('80', 'Pasta', '2', '700');
INSERT INTO recipes (recipe_id, recipe_name, dish_type_id, calories) VALUES ('81', 'Chocolate Cake', '1', '500');
INSERT INTO recipes (recipe_id, recipe_name, dish_type_id, calories) VALUES ('82', 'Test Recipe', '1', '200');
INSERT INTO recipes (recipe_id, recipe_name, dish_type_id, calories) VALUES ('83', 'Test Recipe', '1', '100');
INSERT INTO recipe_ingredients (recipe_id, ingredient_id, quantity) VALUES ('1', '1', '2 cups');
INSERT INTO recipe_ingredients (recipe_id, ingredient_id, quantity) VALUES ('1', '2', '1 tablespoon');
INSERT INTO recipe_ingredients (recipe_id, ingredient_id, quantity) VALUES ('1', '3', '1 teaspoon');
INSERT INTO recipe_ingredients (recipe_id, ingredient_id, quantity) VALUES ('2', '4', '200 grams');
INSERT INTO recipe_ingredients (recipe_id, ingredient_id, quantity) VALUES ('2', '5', '3 tablespoons');
INSERT INTO recipe_ingredients (recipe_id, ingredient_id, quantity) VALUES ('2', '6', '1/2 cup');
INSERT INTO recipe_ingredients (recipe_id, ingredient_id, quantity) VALUES ('3', '7', '2 pieces');
INSERT INTO recipe_ingredients (recipe_id, ingredient_id, quantity) VALUES ('3', '8', '1 cup');
INSERT INTO recipe_ingredients (recipe_id, ingredient_id, quantity) VALUES ('3', '9', '1/4 cup');
INSERT INTO recipe_ingredients (recipe_id, ingredient_id, quantity) VALUES ('4', '10', '1 tablespoon');
INSERT INTO recipe_ingredients (recipe_id, ingredient_id, quantity) VALUES ('4', '11', '2 teaspoons');
INSERT INTO recipe_ingredients (recipe_id, ingredient_id, quantity) VALUES ('4', '12', '100 grams');
INSERT INTO recipe_ingredients (recipe_id, ingredient_id, quantity) VALUES ('5', '13', '3 slices');
INSERT INTO recipe_ingredients (recipe_id, ingredient_id, quantity) VALUES ('5', '14', '1 pinch');
INSERT INTO recipe_ingredients (recipe_id, ingredient_id, quantity) VALUES ('5', '15', '2 cups');
INSERT INTO recipe_ingredients (recipe_id, ingredient_id, quantity) VALUES ('6', '16', '200 ml');
INSERT INTO recipe_ingredients (recipe_id, ingredient_id, quantity) VALUES ('6', '17', '50 grams');
INSERT INTO recipe_ingredients (recipe_id, ingredient_id, quantity) VALUES ('6', '18', '1/3 cup');
INSERT INTO recipe_ingredients (recipe_id, ingredient_id, quantity) VALUES ('7', '19', '1/2 teaspoon');
INSERT INTO recipe_ingredients (recipe_id, ingredient_id, quantity) VALUES ('7', '20', '3 leaves');
INSERT INTO recipe_ingredients (recipe_id, ingredient_id, quantity) VALUES ('7', '21', '2 tablespoons');
INSERT INTO recipe_ingredients (recipe_id, ingredient_id, quantity) VALUES ('8', '22', '1 large');
INSERT INTO recipe_ingredients (recipe_id, ingredient_id, quantity) VALUES ('8', '23', '2 cups');
INSERT INTO recipe_ingredients (recipe_id, ingredient_id, quantity) VALUES ('8', '24', '1/2 teaspoon');
INSERT INTO recipe_ingredients (recipe_id, ingredient_id, quantity) VALUES ('9', '25', '100 grams');
INSERT INTO recipe_ingredients (recipe_id, ingredient_id, quantity) VALUES ('9', '26', '1 tablespoon');
INSERT INTO recipe_ingredients (recipe_id, ingredient_id, quantity) VALUES ('9', '27', '1 teaspoon');
INSERT INTO recipe_ingredients (recipe_id, ingredient_id, quantity) VALUES ('10', '28', '2 tablespoons');
INSERT INTO recipe_ingredients (recipe_id, ingredient_id, quantity) VALUES ('10', '29', '300 grams');
INSERT INTO recipe_ingredients (recipe_id, ingredient_id, quantity) VALUES ('10', '30', '1 cup');
INSERT INTO recipe_ingredients (recipe_id, ingredient_id, quantity) VALUES ('11', '31', '2 teaspoons');
INSERT INTO recipe_ingredients (recipe_id, ingredient_id, quantity) VALUES ('11', '32', '1/2 cup');
INSERT INTO recipe_ingredients (recipe_id, ingredient_id, quantity) VALUES ('11', '33', '1 tablespoon');
INSERT INTO recipe_ingredients (recipe_id, ingredient_id, quantity) VALUES ('12', '34', '200 grams');
INSERT INTO recipe_ingredients (recipe_id, ingredient_id, quantity) VALUES ('12', '35', '4 pieces');
INSERT INTO recipe_ingredients (recipe_id, ingredient_id, quantity) VALUES ('12', '36', '1 teaspoon');
INSERT INTO recipe_ingredients (recipe_id, ingredient_id, quantity) VALUES ('13', '37', '1/4 cup');
INSERT INTO recipe_ingredients (recipe_id, ingredient_id, quantity) VALUES ('13', '38', '2 tablespoons');
INSERT INTO recipe_ingredients (recipe_id, ingredient_id, quantity) VALUES ('13', '39', '1 cup');
INSERT INTO recipe_ingredients (recipe_id, ingredient_id, quantity) VALUES ('14', '40', '3 cups');
INSERT INTO recipe_ingredients (recipe_id, ingredient_id, quantity) VALUES ('14', '41', '1 pinch');
INSERT INTO recipe_ingredients (recipe_id, ingredient_id, quantity) VALUES ('14', '42', '1/2 tablespoon');
INSERT INTO recipe_ingredients (recipe_id, ingredient_id, quantity) VALUES ('15', '43', '150 grams');
INSERT INTO recipe_ingredients (recipe_id, ingredient_id, quantity) VALUES ('15', '44', '1 tablespoon');
INSERT INTO recipe_ingredients (recipe_id, ingredient_id, quantity) VALUES ('15', '45', '2 teaspoons');
INSERT INTO recipe_ingredients (recipe_id, ingredient_id, quantity) VALUES ('16', '46', '2 cups');
INSERT INTO recipe_ingredients (recipe_id, ingredient_id, quantity) VALUES ('16', '47', '100 ml');
INSERT INTO recipe_ingredients (recipe_id, ingredient_id, quantity) VALUES ('16', '48', '1 large');
INSERT INTO recipe_ingredients (recipe_id, ingredient_id, quantity) VALUES ('17', '49', '3 tablespoons');
INSERT INTO recipe_ingredients (recipe_id, ingredient_id, quantity) VALUES ('17', '50', '200 grams');
INSERT INTO recipe_ingredients (recipe_id, ingredient_id, quantity) VALUES ('17', '51', '1 teaspoon');
INSERT INTO recipe_ingredients (recipe_id, ingredient_id, quantity) VALUES ('18', '52', '1/2 cup');
INSERT INTO recipe_ingredients (recipe_id, ingredient_id, quantity) VALUES ('18', '53', '2 pieces');
INSERT INTO recipe_ingredients (recipe_id, ingredient_id, quantity) VALUES ('18', '54', '1 tablespoon');
INSERT INTO recipe_ingredients (recipe_id, ingredient_id, quantity) VALUES ('19', '55', '1 cup');
INSERT INTO recipe_ingredients (recipe_id, ingredient_id, quantity) VALUES ('19', '56', '2 teaspoons');
INSERT INTO recipe_ingredients (recipe_id, ingredient_id, quantity) VALUES ('19', '57', '100 grams');
INSERT INTO recipe_ingredients (recipe_id, ingredient_id, quantity) VALUES ('20', '58', '3 slices');
INSERT INTO recipe_ingredients (recipe_id, ingredient_id, quantity) VALUES ('20', '59', '1 pinch');
INSERT INTO recipe_ingredients (recipe_id, ingredient_id, quantity) VALUES ('20', '60', '2 cups');
INSERT INTO recipe_ingredients (recipe_id, ingredient_id, quantity) VALUES ('21', '61', '200 ml');
INSERT INTO recipe_ingredients (recipe_id, ingredient_id, quantity) VALUES ('21', '62', '50 grams');
INSERT INTO recipe_ingredients (recipe_id, ingredient_id, quantity) VALUES ('21', '63', '1/3 cup');
INSERT INTO recipe_ingredients (recipe_id, ingredient_id, quantity) VALUES ('22', '64', '1/2 teaspoon');
INSERT INTO recipe_ingredients (recipe_id, ingredient_id, quantity) VALUES ('22', '65', '3 leaves');
INSERT INTO recipe_ingredients (recipe_id, ingredient_id, quantity) VALUES ('22', '66', '2 tablespoons');
INSERT INTO recipe_ingredients (recipe_id, ingredient_id, quantity) VALUES ('23', '67', '1 large');
INSERT INTO recipe_ingredients (recipe_id, ingredient_id, quantity) VALUES ('23', '68', '2 cups');
INSERT INTO recipe_ingredients (recipe_id, ingredient_id, quantity) VALUES ('23', '69', '1/2 teaspoon');
INSERT INTO recipe_ingredients (recipe_id, ingredient_id, quantity) VALUES ('24', '70', '100 grams');
INSERT INTO recipe_ingredients (recipe_id, ingredient_id, quantity) VALUES ('24', '71', '1 tablespoon');
INSERT INTO recipe_ingredients (recipe_id, ingredient_id, quantity) VALUES ('24', '72', '1 teaspoon');
INSERT INTO recipe_ingredients (recipe_id, ingredient_id, quantity) VALUES ('25', '73', '2 tablespoons');
INSERT INTO recipe_ingredients (recipe_id, ingredient_id, quantity) VALUES ('25', '74', '300 grams');
INSERT INTO recipe_ingredients (recipe_id, ingredient_id, quantity) VALUES ('25', '75', '1 cup');
INSERT INTO recipe_ingredients (recipe_id, ingredient_id, quantity) VALUES ('26', '76', '2 teaspoons');
INSERT INTO recipe_ingredients (recipe_id, ingredient_id, quantity) VALUES ('26', '77', '1/2 cup');
INSERT INTO recipe_ingredients (recipe_id, ingredient_id, quantity) VALUES ('26', '78', '1 tablespoon');
INSERT INTO recipe_ingredients (recipe_id, ingredient_id, quantity) VALUES ('27', '79', '200 grams');
INSERT INTO recipe_ingredients (recipe_id, ingredient_id, quantity) VALUES ('27', '80', '4 pieces');
INSERT INTO recipe_ingredients (recipe_id, ingredient_id, quantity) VALUES ('27', '81', '1 teaspoon');
INSERT INTO recipe_ingredients (recipe_id, ingredient_id, quantity) VALUES ('28', '82', '1/4 cup');
INSERT INTO recipe_ingredients (recipe_id, ingredient_id, quantity) VALUES ('28', '83', '2 tablespoons');
INSERT INTO recipe_ingredients (recipe_id, ingredient_id, quantity) VALUES ('28', '84', '1 cup');
INSERT INTO recipe_ingredients (recipe_id, ingredient_id, quantity) VALUES ('29', '85', '3 cups');
INSERT INTO recipe_ingredients (recipe_id, ingredient_id, quantity) VALUES ('29', '86', '1 pinch');
INSERT INTO recipe_ingredients (recipe_id, ingredient_id, quantity) VALUES ('29', '87', '1/2 tablespoon');
INSERT INTO recipe_ingredients (recipe_id, ingredient_id, quantity) VALUES ('30', '88', '150 grams');
INSERT INTO recipe_ingredients (recipe_id, ingredient_id, quantity) VALUES ('30', '89', '1 tablespoon');
INSERT INTO recipe_ingredients (recipe_id, ingredient_id, quantity) VALUES ('30', '90', '2 teaspoons');
INSERT INTO recipe_ingredients (recipe_id, ingredient_id, quantity) VALUES ('31', '91', '2 cups');
INSERT INTO recipe_ingredients (recipe_id, ingredient_id, quantity) VALUES ('31', '92', '100 ml');
INSERT INTO recipe_ingredients (recipe_id, ingredient_id, quantity) VALUES ('31', '93', '1 large');
INSERT INTO recipe_ingredients (recipe_id, ingredient_id, quantity) VALUES ('32', '94', '3 tablespoons');
INSERT INTO recipe_ingredients (recipe_id, ingredient_id, quantity) VALUES ('32', '95', '200 grams');
INSERT INTO recipe_ingredients (recipe_id, ingredient_id, quantity) VALUES ('32', '96', '1 teaspoon');
INSERT INTO recipe_ingredients (recipe_id, ingredient_id, quantity) VALUES ('33', '97', '1/2 cup');
INSERT INTO recipe_ingredients (recipe_id, ingredient_id, quantity) VALUES ('33', '98', '2 pieces');
INSERT INTO recipe_ingredients (recipe_id, ingredient_id, quantity) VALUES ('33', '99', '1 tablespoon');
INSERT INTO recipe_ingredients (recipe_id, ingredient_id, quantity) VALUES ('34', '100', '1 cup');
INSERT INTO recipe_ingredients (recipe_id, ingredient_id, quantity) VALUES ('34', '101', '2 teaspoons');
INSERT INTO recipe_ingredients (recipe_id, ingredient_id, quantity) VALUES ('34', '102', '100 grams');
INSERT INTO recipe_ingredients (recipe_id, ingredient_id, quantity) VALUES ('35', '103', '3 slices');
INSERT INTO recipe_ingredients (recipe_id, ingredient_id, quantity) VALUES ('35', '104', '1 pinch');
INSERT INTO recipe_ingredients (recipe_id, ingredient_id, quantity) VALUES ('35', '105', '2 cups');
INSERT INTO recipe_ingredients (recipe_id, ingredient_id, quantity) VALUES ('36', '106', '200 ml');
INSERT INTO recipe_ingredients (recipe_id, ingredient_id, quantity) VALUES ('36', '107', '50 grams');
INSERT INTO recipe_ingredients (recipe_id, ingredient_id, quantity) VALUES ('36', '108', '1/3 cup');
INSERT INTO recipe_ingredients (recipe_id, ingredient_id, quantity) VALUES ('37', '109', '1/2 teaspoon');
INSERT INTO recipe_ingredients (recipe_id, ingredient_id, quantity) VALUES ('37', '110', '3 leaves');
INSERT INTO recipe_ingredients (recipe_id, ingredient_id, quantity) VALUES ('37', '111', '2 tablespoons');
INSERT INTO recipe_ingredients (recipe_id, ingredient_id, quantity) VALUES ('38', '112', '1 large');
INSERT INTO recipe_ingredients (recipe_id, ingredient_id, quantity) VALUES ('38', '113', '2 cups');
INSERT INTO recipe_ingredients (recipe_id, ingredient_id, quantity) VALUES ('38', '114', '1/2 teaspoon');
INSERT INTO recipe_ingredients (recipe_id, ingredient_id, quantity) VALUES ('39', '115', '100 grams');
INSERT INTO recipe_ingredients (recipe_id, ingredient_id, quantity) VALUES ('39', '116', '1 tablespoon');
INSERT INTO recipe_ingredients (recipe_id, ingredient_id, quantity) VALUES ('39', '117', '1 teaspoon');
INSERT INTO recipe_ingredients (recipe_id, ingredient_id, quantity) VALUES ('40', '118', '2 tablespoons');
INSERT INTO recipe_ingredients (recipe_id, ingredient_id, quantity) VALUES ('40', '119', '300 grams');
INSERT INTO recipe_ingredients (recipe_id, ingredient_id, quantity) VALUES ('40', '120', '1 cup');
INSERT INTO recipe_ingredients (recipe_id, ingredient_id, quantity) VALUES ('41', '121', '200 ml');
INSERT INTO recipe_ingredients (recipe_id, ingredient_id, quantity) VALUES ('41', '122', '50 grams');
INSERT INTO recipe_ingredients (recipe_id, ingredient_id, quantity) VALUES ('41', '123', '1/3 cup');
INSERT INTO recipe_ingredients (recipe_id, ingredient_id, quantity) VALUES ('42', '124', '1/2 teaspoon');
INSERT INTO recipe_ingredients (recipe_id, ingredient_id, quantity) VALUES ('42', '125', '3 leaves');
INSERT INTO recipe_ingredients (recipe_id, ingredient_id, quantity) VALUES ('42', '126', '2 tablespoons');
INSERT INTO recipe_ingredients (recipe_id, ingredient_id, quantity) VALUES ('43', '127', '1 large');
INSERT INTO recipe_ingredients (recipe_id, ingredient_id, quantity) VALUES ('43', '128', '2 cups');
INSERT INTO recipe_ingredients (recipe_id, ingredient_id, quantity) VALUES ('43', '129', '1/2 teaspoon');
INSERT INTO recipe_ingredients (recipe_id, ingredient_id, quantity) VALUES ('44', '130', '100 grams');
INSERT INTO recipe_ingredients (recipe_id, ingredient_id, quantity) VALUES ('44', '131', '1 tablespoon');
INSERT INTO recipe_ingredients (recipe_id, ingredient_id, quantity) VALUES ('44', '132', '1 teaspoon');
INSERT INTO recipe_ingredients (recipe_id, ingredient_id, quantity) VALUES ('45', '133', '2 tablespoons');
INSERT INTO recipe_ingredients (recipe_id, ingredient_id, quantity) VALUES ('45', '134', '300 grams');
INSERT INTO recipe_ingredients (recipe_id, ingredient_id, quantity) VALUES ('45', '135', '1 cup');
INSERT INTO recipe_ingredients (recipe_id, ingredient_id, quantity) VALUES ('46', '136', '2 teaspoons');
INSERT INTO recipe_ingredients (recipe_id, ingredient_id, quantity) VALUES ('46', '137', '1/2 cup');
INSERT INTO recipe_ingredients (recipe_id, ingredient_id, quantity) VALUES ('46', '138', '1 tablespoon');
INSERT INTO recipe_ingredients (recipe_id, ingredient_id, quantity) VALUES ('47', '139', '200 grams');
INSERT INTO recipe_ingredients (recipe_id, ingredient_id, quantity) VALUES ('47', '140', '4 pieces');
INSERT INTO recipe_ingredients (recipe_id, ingredient_id, quantity) VALUES ('47', '141', '1 teaspoon');
INSERT INTO recipe_ingredients (recipe_id, ingredient_id, quantity) VALUES ('48', '142', '1/4 cup');
INSERT INTO recipe_ingredients (recipe_id, ingredient_id, quantity) VALUES ('48', '143', '2 tablespoons');
INSERT INTO recipe_ingredients (recipe_id, ingredient_id, quantity) VALUES ('48', '144', '1 cup');
INSERT INTO recipe_ingredients (recipe_id, ingredient_id, quantity) VALUES ('49', '145', '3 cups');
INSERT INTO recipe_ingredients (recipe_id, ingredient_id, quantity) VALUES ('49', '146', '1 pinch');
INSERT INTO recipe_ingredients (recipe_id, ingredient_id, quantity) VALUES ('49', '147', '1/2 tablespoon');
INSERT INTO recipe_ingredients (recipe_id, ingredient_id, quantity) VALUES ('50', '148', '150 grams');
INSERT INTO recipe_ingredients (recipe_id, ingredient_id, quantity) VALUES ('50', '149', '1 tablespoon');
INSERT INTO recipe_ingredients (recipe_id, ingredient_id, quantity) VALUES ('50', '150', '2 teaspoons');
INSERT INTO recipe_ingredients (recipe_id, ingredient_id, quantity) VALUES ('51', '151', '2 cups');
INSERT INTO recipe_ingredients (recipe_id, ingredient_id, quantity) VALUES ('51', '152', '100 ml');
INSERT INTO recipe_ingredients (recipe_id, ingredient_id, quantity) VALUES ('51', '153', '1 large');
INSERT INTO recipe_ingredients (recipe_id, ingredient_id, quantity) VALUES ('52', '154', '3 tablespoons');
INSERT INTO recipe_ingredients (recipe_id, ingredient_id, quantity) VALUES ('52', '155', '200 grams');
INSERT INTO recipe_ingredients (recipe_id, ingredient_id, quantity) VALUES ('52', '156', '1 teaspoon');
INSERT INTO recipe_ingredients (recipe_id, ingredient_id, quantity) VALUES ('53', '157', '1/2 cup');
INSERT INTO recipe_ingredients (recipe_id, ingredient_id, quantity) VALUES ('53', '158', '2 pieces');
INSERT INTO recipe_ingredients (recipe_id, ingredient_id, quantity) VALUES ('53', '159', '1 tablespoon');
INSERT INTO recipe_ingredients (recipe_id, ingredient_id, quantity) VALUES ('54', '160', '1 cup');
INSERT INTO recipe_ingredients (recipe_id, ingredient_id, quantity) VALUES ('54', '161', '2 teaspoons');
INSERT INTO recipe_ingredients (recipe_id, ingredient_id, quantity) VALUES ('54', '162', '100 grams');
INSERT INTO recipe_ingredients (recipe_id, ingredient_id, quantity) VALUES ('55', '163', '3 slices');
INSERT INTO recipe_ingredients (recipe_id, ingredient_id, quantity) VALUES ('55', '164', '1 pinch');
INSERT INTO recipe_ingredients (recipe_id, ingredient_id, quantity) VALUES ('55', '165', '2 cups');
INSERT INTO recipe_ingredients (recipe_id, ingredient_id, quantity) VALUES ('56', '121', '200 ml');
INSERT INTO recipe_ingredients (recipe_id, ingredient_id, quantity) VALUES ('56', '110', '50 grams');
INSERT INTO recipe_ingredients (recipe_id, ingredient_id, quantity) VALUES ('56', '101', '1/3 cup');
INSERT INTO recipe_ingredients (recipe_id, ingredient_id, quantity) VALUES ('57', '103', '1/2 teaspoon');
INSERT INTO recipe_ingredients (recipe_id, ingredient_id, quantity) VALUES ('57', '102', '3 leaves');
INSERT INTO recipe_ingredients (recipe_id, ingredient_id, quantity) VALUES ('57', '100', '2 tablespoons');
INSERT INTO recipe_ingredients (recipe_id, ingredient_id, quantity) VALUES ('58', '72', '1 large');
INSERT INTO recipe_ingredients (recipe_id, ingredient_id, quantity) VALUES ('58', '73', '2 cups');
INSERT INTO recipe_ingredients (recipe_id, ingredient_id, quantity) VALUES ('58', '74', '1/2 teaspoon');
INSERT INTO recipe_ingredients (recipe_id, ingredient_id, quantity) VALUES ('59', '15', '100 grams');
INSERT INTO recipe_ingredients (recipe_id, ingredient_id, quantity) VALUES ('59', '16', '1 tablespoon');
INSERT INTO recipe_ingredients (recipe_id, ingredient_id, quantity) VALUES ('59', '77', '1 teaspoon');
INSERT INTO recipe_ingredients (recipe_id, ingredient_id, quantity) VALUES ('60', '18', '2 tablespoons');
INSERT INTO recipe_ingredients (recipe_id, ingredient_id, quantity) VALUES ('60', '19', '300 grams');
INSERT INTO recipe_ingredients (recipe_id, ingredient_id, quantity) VALUES ('60', '10', '1 cup');
INSERT INTO recipe_ingredients (recipe_id, ingredient_id, quantity) VALUES ('61', '81', '2 teaspoons');
INSERT INTO recipe_ingredients (recipe_id, ingredient_id, quantity) VALUES ('61', '18', '1/2 cup');
INSERT INTO recipe_ingredients (recipe_id, ingredient_id, quantity) VALUES ('61', '13', '1 tablespoon');
INSERT INTO recipe_ingredients (recipe_id, ingredient_id, quantity) VALUES ('62', '84', '200 grams');
INSERT INTO recipe_ingredients (recipe_id, ingredient_id, quantity) VALUES ('62', '15', '4 pieces');
INSERT INTO recipe_ingredients (recipe_id, ingredient_id, quantity) VALUES ('62', '16', '1 teaspoon');
INSERT INTO recipe_ingredients (recipe_id, ingredient_id, quantity) VALUES ('63', '18', '1/4 cup');
INSERT INTO recipe_ingredients (recipe_id, ingredient_id, quantity) VALUES ('63', '88', '2 tablespoons');
INSERT INTO recipe_ingredients (recipe_id, ingredient_id, quantity) VALUES ('63', '89', '1 cup');
INSERT INTO recipe_ingredients (recipe_id, ingredient_id, quantity) VALUES ('64', '90', '3 cups');
INSERT INTO recipe_ingredients (recipe_id, ingredient_id, quantity) VALUES ('64', '91', '1 pinch');
INSERT INTO recipe_ingredients (recipe_id, ingredient_id, quantity) VALUES ('64', '12', '1/2 tablespoon');
INSERT INTO recipe_ingredients (recipe_id, ingredient_id, quantity) VALUES ('65', '13', '150 grams');
INSERT INTO recipe_ingredients (recipe_id, ingredient_id, quantity) VALUES ('65', '94', '1 tablespoon');
INSERT INTO recipe_ingredients (recipe_id, ingredient_id, quantity) VALUES ('65', '19', '2 teaspoons');
INSERT INTO recipe_ingredients (recipe_id, ingredient_id, quantity) VALUES ('66', '16', '2 cups');
INSERT INTO recipe_ingredients (recipe_id, ingredient_id, quantity) VALUES ('66', '97', '100 ml');
INSERT INTO recipe_ingredients (recipe_id, ingredient_id, quantity) VALUES ('66', '18', '1 large');
INSERT INTO recipe_ingredients (recipe_id, ingredient_id, quantity) VALUES ('67', '19', '3 tablespoons');
INSERT INTO recipe_ingredients (recipe_id, ingredient_id, quantity) VALUES ('67', '20', '200 grams');
INSERT INTO recipe_ingredients (recipe_id, ingredient_id, quantity) VALUES ('67', '21', '1 teaspoon');
INSERT INTO recipe_ingredients (recipe_id, ingredient_id, quantity) VALUES ('68', '22', '1/2 cup');
INSERT INTO recipe_ingredients (recipe_id, ingredient_id, quantity) VALUES ('68', '3', '2 pieces');
INSERT INTO recipe_ingredients (recipe_id, ingredient_id, quantity) VALUES ('68', '2', '1 tablespoon');
INSERT INTO recipe_ingredients (recipe_id, ingredient_id, quantity) VALUES ('69', '5', '1 cup');
INSERT INTO recipe_ingredients (recipe_id, ingredient_id, quantity) VALUES ('69', '26', '2 teaspoons');
INSERT INTO recipe_ingredients (recipe_id, ingredient_id, quantity) VALUES ('69', '27', '100 grams');
INSERT INTO recipe_ingredients (recipe_id, ingredient_id, quantity) VALUES ('70', '28', '3 slices');
INSERT INTO recipe_ingredients (recipe_id, ingredient_id, quantity) VALUES ('70', '29', '1 pinch');
INSERT INTO recipe_ingredients (recipe_id, ingredient_id, quantity) VALUES ('70', '21', '2 cups');
INSERT INTO recipe_ingredients (recipe_id, ingredient_id, quantity) VALUES ('1', '1', '1 cup');
INSERT INTO recipe_ingredients (recipe_id, ingredient_id, quantity) VALUES ('1', '101', '1 cup');
INSERT INTO recipe_ingredients (recipe_id, ingredient_id, quantity) VALUES ('1', '1', '2 cups');
INSERT INTO recipe_ingredients (recipe_id, ingredient_id, quantity) VALUES ('1', '1', '2 cups');
INSERT INTO recipe_ingredients (recipe_id, ingredient_id, quantity) VALUES ('1', '1', '2 cups');
INSERT INTO recipe_ingredients (recipe_id, ingredient_id, quantity) VALUES ('1', '22', '100g');
INSERT INTO instructions (instruction_id, recipe_id, step_number, instruction_text) VALUES ('1', '1', '1', 'Preheat the oven to 350 degrees F (175 degrees C).');
INSERT INTO instructions (instruction_id, recipe_id, step_number, instruction_text) VALUES ('2', '1', '2', 'Mix flour and salt in a bowl.');
INSERT INTO instructions (instruction_id, recipe_id, step_number, instruction_text) VALUES ('3', '1', '3', 'Add water gradually to form a dough.');
INSERT INTO instructions (instruction_id, recipe_id, step_number, instruction_text) VALUES ('4', '1', '4', 'Roll out the dough and place it in a baking dish.');
INSERT INTO instructions (instruction_id, recipe_id, step_number, instruction_text) VALUES ('5', '1', '5', 'Bake in the preheated oven for 30 minutes.');
INSERT INTO instructions (instruction_id, recipe_id, step_number, instruction_text) VALUES ('6', '2', '1', 'Chop all vegetables into small pieces.');
INSERT INTO instructions (instruction_id, recipe_id, step_number, instruction_text) VALUES ('7', '2', '2', 'Heat oil in a pan and add onions.');
INSERT INTO instructions (instruction_id, recipe_id, step_number, instruction_text) VALUES ('8', '2', '3', 'Once onions are golden, add other vegetables.');
INSERT INTO instructions (instruction_id, recipe_id, step_number, instruction_text) VALUES ('9', '2', '4', 'Add spices and cook for 10 minutes.');
INSERT INTO instructions (instruction_id, recipe_id, step_number, instruction_text) VALUES ('10', '3', '1', 'Cut the chicken into small pieces.');
INSERT INTO instructions (instruction_id, recipe_id, step_number, instruction_text) VALUES ('11', '3', '2', 'Marinate the chicken with spices for 2 hours.');
INSERT INTO instructions (instruction_id, recipe_id, step_number, instruction_text) VALUES ('12', '3', '3', 'Heat oil in a skillet and cook the chicken until brown.');
INSERT INTO instructions (instruction_id, recipe_id, step_number, instruction_text) VALUES ('13', '3', '4', 'Add sauce and simmer for 20 minutes.');
INSERT INTO instructions (instruction_id, recipe_id, step_number, instruction_text) VALUES ('14', '4', '1', 'Soak beans overnight in plenty of water.');
INSERT INTO instructions (instruction_id, recipe_id, step_number, instruction_text) VALUES ('15', '4', '2', 'Drain beans and transfer to a pot.');
INSERT INTO instructions (instruction_id, recipe_id, step_number, instruction_text) VALUES ('16', '4', '3', 'Cover with fresh water and bring to a boil.');
INSERT INTO instructions (instruction_id, recipe_id, step_number, instruction_text) VALUES ('17', '4', '4', 'Reduce heat and simmer until beans are tender.');
INSERT INTO instructions (instruction_id, recipe_id, step_number, instruction_text) VALUES ('18', '5', '1', 'Season the meat with salt and pepper.');
INSERT INTO instructions (instruction_id, recipe_id, step_number, instruction_text) VALUES ('19', '5', '2', 'Heat oil in a pan and sear the meat on all sides.');
INSERT INTO instructions (instruction_id, recipe_id, step_number, instruction_text) VALUES ('20', '5', '3', 'Remove meat and sauté chopped onions in the same pan.');
INSERT INTO instructions (instruction_id, recipe_id, step_number, instruction_text) VALUES ('21', '5', '4', 'Add meat back to the pan along with broth and simmer.');
INSERT INTO instructions (instruction_id, recipe_id, step_number, instruction_text) VALUES ('22', '6', '1', 'Blend tomatoes, onions, and garlic to make a puree.');
INSERT INTO instructions (instruction_id, recipe_id, step_number, instruction_text) VALUES ('23', '6', '2', 'Heat oil in a pot and cook the puree for 5 minutes.');
INSERT INTO instructions (instruction_id, recipe_id, step_number, instruction_text) VALUES ('24', '6', '3', 'Add spices and continue to cook for another 5 minutes.');
INSERT INTO instructions (instruction_id, recipe_id, step_number, instruction_text) VALUES ('25', '6', '4', 'Stir in chopped vegetables and cook until tender.');
INSERT INTO instructions (instruction_id, recipe_id, step_number, instruction_text) VALUES ('26', '7', '1', 'Wash and chop all vegetables.');
INSERT INTO instructions (instruction_id, recipe_id, step_number, instruction_text) VALUES ('27', '7', '2', 'Heat oil in a large pot and sauté vegetables.');
INSERT INTO instructions (instruction_id, recipe_id, step_number, instruction_text) VALUES ('28', '7', '3', 'Add broth and bring to a simmer.');
INSERT INTO instructions (instruction_id, recipe_id, step_number, instruction_text) VALUES ('29', '7', '4', 'Add seasoning and simmer for 20 minutes.');
INSERT INTO instructions (instruction_id, recipe_id, step_number, instruction_text) VALUES ('30', '8', '1', 'Preheat your oven to 400 degrees F.');
INSERT INTO instructions (instruction_id, recipe_id, step_number, instruction_text) VALUES ('31', '8', '2', 'Season the chicken with herbs and spices.');
INSERT INTO instructions (instruction_id, recipe_id, step_number, instruction_text) VALUES ('32', '8', '3', 'Place the chicken in a baking dish.');
INSERT INTO instructions (instruction_id, recipe_id, step_number, instruction_text) VALUES ('33', '8', '4', 'Roast in the oven for 45 minutes.');
INSERT INTO instructions (instruction_id, recipe_id, step_number, instruction_text) VALUES ('34', '9', '1', 'Boil pasta in salted water until al dente.');
INSERT INTO instructions (instruction_id, recipe_id, step_number, instruction_text) VALUES ('35', '9', '2', 'In a separate pan, cook the sauce ingredients.');
INSERT INTO instructions (instruction_id, recipe_id, step_number, instruction_text) VALUES ('36', '9', '3', 'Drain pasta and mix with the sauce.');
INSERT INTO instructions (instruction_id, recipe_id, step_number, instruction_text) VALUES ('37', '9', '4', 'Serve hot with grated cheese on top.');
INSERT INTO instructions (instruction_id, recipe_id, step_number, instruction_text) VALUES ('38', '10', '1', 'Mix all dry ingredients in a bowl.');
INSERT INTO instructions (instruction_id, recipe_id, step_number, instruction_text) VALUES ('39', '10', '2', 'Gradually add water and knead into a dough.');
INSERT INTO instructions (instruction_id, recipe_id, step_number, instruction_text) VALUES ('40', '10', '3', 'Let the dough rest for 30 minutes.');
INSERT INTO instructions (instruction_id, recipe_id, step_number, instruction_text) VALUES ('41', '10', '4', 'Roll out the dough and cut into desired shapes.');
INSERT INTO instructions (instruction_id, recipe_id, step_number, instruction_text) VALUES ('42', '10', '5', 'Boil in salted water until they float to the surface.');
INSERT INTO instructions (instruction_id, recipe_id, step_number, instruction_text) VALUES ('43', '11', '1', 'Marinate the meat in a blend of spices.');
INSERT INTO instructions (instruction_id, recipe_id, step_number, instruction_text) VALUES ('44', '11', '2', 'Refrigerate the meat for at least 4 hours.');
INSERT INTO instructions (instruction_id, recipe_id, step_number, instruction_text) VALUES ('45', '11', '3', 'Grill the meat over medium heat until fully cooked.');
INSERT INTO instructions (instruction_id, recipe_id, step_number, instruction_text) VALUES ('46', '11', '4', 'Serve with a side of grilled vegetables.');
INSERT INTO instructions (instruction_id, recipe_id, step_number, instruction_text) VALUES ('47', '12', '1', 'Clean and chop the fish into pieces.');
INSERT INTO instructions (instruction_id, recipe_id, step_number, instruction_text) VALUES ('48', '12', '2', 'Prepare a marinade of lemon juice, garlic, and herbs.');
INSERT INTO instructions (instruction_id, recipe_id, step_number, instruction_text) VALUES ('49', '12', '3', 'Marinate the fish for 1 hour.');
INSERT INTO instructions (instruction_id, recipe_id, step_number, instruction_text) VALUES ('50', '12', '4', 'Bake in a preheated oven at 350°F for 25 minutes.');
INSERT INTO instructions (instruction_id, recipe_id, step_number, instruction_text) VALUES ('51', '13', '1', 'Dice the vegetables and set aside.');
INSERT INTO instructions (instruction_id, recipe_id, step_number, instruction_text) VALUES ('52', '13', '2', 'In a large pot, sauté onions and garlic in olive oil.');
INSERT INTO instructions (instruction_id, recipe_id, step_number, instruction_text) VALUES ('53', '13', '3', 'Add the diced vegetables and cook until tender.');
INSERT INTO instructions (instruction_id, recipe_id, step_number, instruction_text) VALUES ('54', '13', '4', 'Stir in tomato sauce and simmer for 20 minutes.');
INSERT INTO instructions (instruction_id, recipe_id, step_number, instruction_text) VALUES ('55', '13', '5', 'Season with herbs and serve hot.');
INSERT INTO instructions (instruction_id, recipe_id, step_number, instruction_text) VALUES ('56', '14', '1', 'Mix flour, sugar, and yeast in a large bowl.');
INSERT INTO instructions (instruction_id, recipe_id, step_number, instruction_text) VALUES ('57', '14', '2', 'Add warm water and oil, then knead to form a dough.');
INSERT INTO instructions (instruction_id, recipe_id, step_number, instruction_text) VALUES ('58', '14', '3', 'Cover the dough and let it rise for 1 hour.');
INSERT INTO instructions (instruction_id, recipe_id, step_number, instruction_text) VALUES ('59', '14', '4', 'Punch down the dough and shape into loaves.');
INSERT INTO instructions (instruction_id, recipe_id, step_number, instruction_text) VALUES ('60', '14', '5', 'Bake in a preheated oven at 375°F for 35 minutes.');
INSERT INTO instructions (instruction_id, recipe_id, step_number, instruction_text) VALUES ('61', '15', '1', 'Season the beef with salt and pepper.');
INSERT INTO instructions (instruction_id, recipe_id, step_number, instruction_text) VALUES ('62', '15', '2', 'In a skillet, brown the beef on all sides.');
INSERT INTO instructions (instruction_id, recipe_id, step_number, instruction_text) VALUES ('63', '15', '3', 'Transfer beef to a slow cooker.');
INSERT INTO instructions (instruction_id, recipe_id, step_number, instruction_text) VALUES ('64', '15', '4', 'Add chopped vegetables and broth to the slow cooker.');
INSERT INTO instructions (instruction_id, recipe_id, step_number, instruction_text) VALUES ('65', '15', '5', 'Cook on low for 8 hours until the beef is tender.');
INSERT INTO instructions (instruction_id, recipe_id, step_number, instruction_text) VALUES ('66', '16', '1', 'Prepare the salad dressing by whisking together oil, vinegar, and spices.');
INSERT INTO instructions (instruction_id, recipe_id, step_number, instruction_text) VALUES ('67', '16', '2', 'Chop lettuce, tomatoes, cucumbers, and onions.');
INSERT INTO instructions (instruction_id, recipe_id, step_number, instruction_text) VALUES ('68', '16', '3', 'In a large bowl, combine the chopped vegetables.');
INSERT INTO instructions (instruction_id, recipe_id, step_number, instruction_text) VALUES ('69', '16', '4', 'Drizzle with dressing and toss to coat evenly.');
INSERT INTO instructions (instruction_id, recipe_id, step_number, instruction_text) VALUES ('70', '16', '5', 'Top with croutons and serve immediately.');
INSERT INTO instructions (instruction_id, recipe_id, step_number, instruction_text) VALUES ('71', '17', '1', 'Wash and slice the potatoes into thin rounds.');
INSERT INTO instructions (instruction_id, recipe_id, step_number, instruction_text) VALUES ('72', '17', '2', 'Toss the potato slices with olive oil and salt.');
INSERT INTO instructions (instruction_id, recipe_id, step_number, instruction_text) VALUES ('73', '17', '3', 'Arrange slices on a baking sheet in a single layer.');
INSERT INTO instructions (instruction_id, recipe_id, step_number, instruction_text) VALUES ('74', '17', '4', 'Bake in a preheated oven at 400°F until crispy and golden.');
INSERT INTO instructions (instruction_id, recipe_id, step_number, instruction_text) VALUES ('75', '17', '5', 'Serve the baked potato chips with your favorite dip.');
INSERT INTO instructions (instruction_id, recipe_id, step_number, instruction_text) VALUES ('76', '18', '1', 'Season the pork chops with salt, pepper, and herbs.');
INSERT INTO instructions (instruction_id, recipe_id, step_number, instruction_text) VALUES ('77', '18', '2', 'Heat oil in a skillet over medium-high heat.');
INSERT INTO instructions (instruction_id, recipe_id, step_number, instruction_text) VALUES ('78', '18', '3', 'Add the pork chops and cook until browned on each side.');
INSERT INTO instructions (instruction_id, recipe_id, step_number, instruction_text) VALUES ('79', '18', '4', 'Reduce heat, cover, and simmer until pork is cooked through.');
INSERT INTO instructions (instruction_id, recipe_id, step_number, instruction_text) VALUES ('80', '18', '5', 'Let the pork chops rest for a few minutes before serving.');
INSERT INTO instructions (instruction_id, recipe_id, step_number, instruction_text) VALUES ('81', '19', '1', 'Blend berries, banana, and milk in a blender until smooth.');
INSERT INTO instructions (instruction_id, recipe_id, step_number, instruction_text) VALUES ('82', '19', '2', 'Add a scoop of protein powder and blend again.');
INSERT INTO instructions (instruction_id, recipe_id, step_number, instruction_text) VALUES ('83', '19', '3', 'Pour the smoothie into a glass.');
INSERT INTO instructions (instruction_id, recipe_id, step_number, instruction_text) VALUES ('84', '19', '4', 'Top with a handful of granola and a few fresh berries.');
INSERT INTO instructions (instruction_id, recipe_id, step_number, instruction_text) VALUES ('85', '19', '5', 'Enjoy the smoothie as a healthy breakfast or snack.');
INSERT INTO instructions (instruction_id, recipe_id, step_number, instruction_text) VALUES ('86', '20', '1', 'Cut chicken into bite-sized pieces.');
INSERT INTO instructions (instruction_id, recipe_id, step_number, instruction_text) VALUES ('87', '20', '2', 'Marinate chicken in a mixture of soy sauce, garlic, and ginger.');
INSERT INTO instructions (instruction_id, recipe_id, step_number, instruction_text) VALUES ('88', '20', '3', 'Heat oil in a wok and stir-fry the chicken until cooked.');
INSERT INTO instructions (instruction_id, recipe_id, step_number, instruction_text) VALUES ('89', '20', '4', 'Add vegetables to the wok and stir-fry until just tender.');
INSERT INTO instructions (instruction_id, recipe_id, step_number, instruction_text) VALUES ('90', '20', '5', 'Serve the stir-fry over cooked rice or noodles.');
INSERT INTO instructions (instruction_id, recipe_id, step_number, instruction_text) VALUES ('91', '21', '1', 'Peel and finely chop the garlic.');
INSERT INTO instructions (instruction_id, recipe_id, step_number, instruction_text) VALUES ('92', '21', '2', 'In a large skillet, heat olive oil over medium heat.');
INSERT INTO instructions (instruction_id, recipe_id, step_number, instruction_text) VALUES ('93', '21', '3', 'Add garlic and sauté until fragrant.');
INSERT INTO instructions (instruction_id, recipe_id, step_number, instruction_text) VALUES ('94', '21', '4', 'Stir in chopped tomatoes and simmer for 15 minutes.');
INSERT INTO instructions (instruction_id, recipe_id, step_number, instruction_text) VALUES ('95', '21', '5', 'Season with salt, pepper, and basil leaves before serving.');
INSERT INTO instructions (instruction_id, recipe_id, step_number, instruction_text) VALUES ('96', '22', '1', 'Preheat the grill to high heat.');
INSERT INTO instructions (instruction_id, recipe_id, step_number, instruction_text) VALUES ('97', '22', '2', 'Brush corn cobs with butter and wrap in foil.');
INSERT INTO instructions (instruction_id, recipe_id, step_number, instruction_text) VALUES ('98', '22', '3', 'Grill the corn for about 10 minutes, turning occasionally.');
INSERT INTO instructions (instruction_id, recipe_id, step_number, instruction_text) VALUES ('99', '22', '4', 'Remove from grill, unwrap, and serve with salt and lime juice.');
INSERT INTO instructions (instruction_id, recipe_id, step_number, instruction_text) VALUES ('100', '23', '1', 'In a bowl, mix flour, baking powder, and sugar.');
INSERT INTO instructions (instruction_id, recipe_id, step_number, instruction_text) VALUES ('101', '23', '2', 'Gradually add milk and melted butter to form a batter.');
INSERT INTO instructions (instruction_id, recipe_id, step_number, instruction_text) VALUES ('102', '23', '3', 'Heat a non-stick pan and pour in some batter.');
INSERT INTO instructions (instruction_id, recipe_id, step_number, instruction_text) VALUES ('103', '23', '4', 'Cook until bubbles form, then flip and cook the other side.');
INSERT INTO instructions (instruction_id, recipe_id, step_number, instruction_text) VALUES ('104', '23', '5', 'Serve the pancakes with maple syrup and fresh berries.');
INSERT INTO instructions (instruction_id, recipe_id, step_number, instruction_text) VALUES ('105', '24', '1', 'Rinse lentils and soak for an hour.');
INSERT INTO instructions (instruction_id, recipe_id, step_number, instruction_text) VALUES ('106', '24', '2', 'In a pot, bring lentils and water to a boil.');
INSERT INTO instructions (instruction_id, recipe_id, step_number, instruction_text) VALUES ('107', '24', '3', 'Reduce heat and simmer until lentils are tender.');
INSERT INTO instructions (instruction_id, recipe_id, step_number, instruction_text) VALUES ('108', '24', '4', 'In a separate pan, sauté onions and spices.');
INSERT INTO instructions (instruction_id, recipe_id, step_number, instruction_text) VALUES ('109', '24', '5', 'Mix sautéed onions with lentils and serve hot.');
INSERT INTO instructions (instruction_id, recipe_id, step_number, instruction_text) VALUES ('110', '25', '1', 'Slice the eggplants into 1/2 inch thick rounds.');
INSERT INTO instructions (instruction_id, recipe_id, step_number, instruction_text) VALUES ('111', '25', '2', 'Salt the eggplant slices and let them sit for 30 minutes to draw out bitterness.');
INSERT INTO instructions (instruction_id, recipe_id, step_number, instruction_text) VALUES ('112', '25', '3', 'Rinse the eggplant slices and pat dry.');
INSERT INTO instructions (instruction_id, recipe_id, step_number, instruction_text) VALUES ('113', '25', '4', 'Grill the eggplant slices until tender and slightly charred.');
INSERT INTO instructions (instruction_id, recipe_id, step_number, instruction_text) VALUES ('114', '25', '5', 'Layer the eggplant with tomato sauce and cheese, then bake until bubbly.');
INSERT INTO instructions (instruction_id, recipe_id, step_number, instruction_text) VALUES ('115', '26', '1', 'Boil a pot of water and cook spaghetti until al dente.');
INSERT INTO instructions (instruction_id, recipe_id, step_number, instruction_text) VALUES ('116', '26', '2', 'In a pan, cook minced garlic in olive oil until golden.');
INSERT INTO instructions (instruction_id, recipe_id, step_number, instruction_text) VALUES ('117', '26', '3', 'Add cooked spaghetti to the pan along with parsley and red pepper flakes.');
INSERT INTO instructions (instruction_id, recipe_id, step_number, instruction_text) VALUES ('118', '26', '4', 'Toss everything together and serve with grated Parmesan cheese.');
INSERT INTO instructions (instruction_id, recipe_id, step_number, instruction_text) VALUES ('119', '27', '1', 'In a bowl, combine ground meat, breadcrumbs, egg, and seasonings.');
INSERT INTO instructions (instruction_id, recipe_id, step_number, instruction_text) VALUES ('120', '27', '2', 'Form the mixture into meatballs.');
INSERT INTO instructions (instruction_id, recipe_id, step_number, instruction_text) VALUES ('121', '27', '3', 'Brown the meatballs in a skillet, then remove and set aside.');
INSERT INTO instructions (instruction_id, recipe_id, step_number, instruction_text) VALUES ('122', '27', '4', 'In the same skillet, prepare a marinara sauce.');
INSERT INTO instructions (instruction_id, recipe_id, step_number, instruction_text) VALUES ('123', '27', '5', 'Return meatballs to the skillet with sauce and simmer until cooked through.');
INSERT INTO instructions (instruction_id, recipe_id, step_number, instruction_text) VALUES ('124', '28', '1', 'Chop onions, carrots, and celery for the soup base.');
INSERT INTO instructions (instruction_id, recipe_id, step_number, instruction_text) VALUES ('125', '28', '2', 'In a large pot, sauté the chopped vegetables in oil.');
INSERT INTO instructions (instruction_id, recipe_id, step_number, instruction_text) VALUES ('126', '28', '3', 'Add broth and bring to a boil.');
INSERT INTO instructions (instruction_id, recipe_id, step_number, instruction_text) VALUES ('127', '28', '4', 'Add diced chicken and noodles, then simmer until chicken is cooked.');
INSERT INTO instructions (instruction_id, recipe_id, step_number, instruction_text) VALUES ('128', '28', '5', 'Season with salt, pepper, and herbs before serving.');
INSERT INTO instructions (instruction_id, recipe_id, step_number, instruction_text) VALUES ('129', '29', '1', 'Peel and dice the potatoes.');
INSERT INTO instructions (instruction_id, recipe_id, step_number, instruction_text) VALUES ('130', '29', '2', 'Boil the potatoes in salted water until tender.');
INSERT INTO instructions (instruction_id, recipe_id, step_number, instruction_text) VALUES ('131', '29', '3', 'Drain the potatoes and mash them with butter and milk.');
INSERT INTO instructions (instruction_id, recipe_id, step_number, instruction_text) VALUES ('132', '29', '4', 'Season with salt, pepper, and a pinch of nutmeg.');
INSERT INTO instructions (instruction_id, recipe_id, step_number, instruction_text) VALUES ('133', '29', '5', 'Serve the mashed potatoes as a side dish with your main course.');
INSERT INTO instructions (instruction_id, recipe_id, step_number, instruction_text) VALUES ('134', '30', '1', 'Mix all-purpose flour, baking soda, and salt in a bowl.');
INSERT INTO instructions (instruction_id, recipe_id, step_number, instruction_text) VALUES ('135', '30', '2', 'In a separate bowl, cream together butter and sugar.');
INSERT INTO instructions (instruction_id, recipe_id, step_number, instruction_text) VALUES ('136', '30', '3', 'Beat in eggs and vanilla extract into the butter mixture.');
INSERT INTO instructions (instruction_id, recipe_id, step_number, instruction_text) VALUES ('137', '30', '4', 'Gradually add the flour mixture, stirring to combine.');
INSERT INTO instructions (instruction_id, recipe_id, step_number, instruction_text) VALUES ('138', '30', '5', 'Fold in chocolate chips, then drop dough by spoonfuls onto a baking sheet.');
INSERT INTO instructions (instruction_id, recipe_id, step_number, instruction_text) VALUES ('139', '30', '6', 'Bake in a preheated oven at 375°F for 10-12 minutes.');
INSERT INTO instructions (instruction_id, recipe_id, step_number, instruction_text) VALUES ('140', '31', '1', 'Season chicken breasts with salt, pepper, and herbs.');
INSERT INTO instructions (instruction_id, recipe_id, step_number, instruction_text) VALUES ('141', '31', '2', 'Heat oil in a skillet and cook the chicken until golden brown.');
INSERT INTO instructions (instruction_id, recipe_id, step_number, instruction_text) VALUES ('142', '31', '3', 'Remove the chicken and add sliced mushrooms to the skillet.');
INSERT INTO instructions (instruction_id, recipe_id, step_number, instruction_text) VALUES ('143', '31', '4', 'Pour in chicken broth and cream, simmering until the sauce thickens.');
INSERT INTO instructions (instruction_id, recipe_id, step_number, instruction_text) VALUES ('144', '31', '5', 'Return the chicken to the skillet and cook until it done.');
INSERT INTO instructions (instruction_id, recipe_id, step_number, instruction_text) VALUES ('145', '32', '1', 'Cut the zucchini into thin slices or spiralize into noodles.');
INSERT INTO instructions (instruction_id, recipe_id, step_number, instruction_text) VALUES ('146', '32', '2', 'Toss zucchini with olive oil, salt, and pepper.');
INSERT INTO instructions (instruction_id, recipe_id, step_number, instruction_text) VALUES ('147', '32', '3', 'Grill or sauté the zucchini until just tender.');
INSERT INTO instructions (instruction_id, recipe_id, step_number, instruction_text) VALUES ('148', '32', '4', 'Serve as a side dish or topped with your favorite sauce.');
INSERT INTO instructions (instruction_id, recipe_id, step_number, instruction_text) VALUES ('149', '33', '1', 'Thinly slice the beef and marinate in soy sauce, garlic, and ginger.');
INSERT INTO instructions (instruction_id, recipe_id, step_number, instruction_text) VALUES ('150', '33', '2', 'Stir-fry the beef in a hot wok until browned, then set aside.');
INSERT INTO instructions (instruction_id, recipe_id, step_number, instruction_text) VALUES ('151', '33', '3', 'In the same wok, stir-fry a mix of bell peppers, onions, and broccoli.');
INSERT INTO instructions (instruction_id, recipe_id, step_number, instruction_text) VALUES ('152', '33', '4', 'Return the beef to the wok, add oyster sauce, and heat through.');
INSERT INTO instructions (instruction_id, recipe_id, step_number, instruction_text) VALUES ('153', '33', '5', 'Serve the beef stir-fry over steamed rice or noodles.');
INSERT INTO instructions (instruction_id, recipe_id, step_number, instruction_text) VALUES ('154', '34', '1', 'Preheat the oven to 425°F (220°C).');
INSERT INTO instructions (instruction_id, recipe_id, step_number, instruction_text) VALUES ('155', '34', '2', 'Toss cauliflower florets with olive oil, salt, and pepper.');
INSERT INTO instructions (instruction_id, recipe_id, step_number, instruction_text) VALUES ('156', '34', '3', 'Roast in the oven until golden and tender, about 20-25 minutes.');
INSERT INTO instructions (instruction_id, recipe_id, step_number, instruction_text) VALUES ('157', '34', '4', 'Sprinkle with parmesan cheese and fresh parsley before serving.');
INSERT INTO instructions (instruction_id, recipe_id, step_number, instruction_text) VALUES ('158', '35', '1', 'Combine diced tomatoes, onions, cilantro, lime juice, and jalapeños for salsa.');
INSERT INTO instructions (instruction_id, recipe_id, step_number, instruction_text) VALUES ('159', '35', '2', 'Season with salt and pepper, and let the salsa sit for flavors to meld.');
INSERT INTO instructions (instruction_id, recipe_id, step_number, instruction_text) VALUES ('160', '35', '3', 'Grill or pan-fry fish fillets until cooked through.');
INSERT INTO instructions (instruction_id, recipe_id, step_number, instruction_text) VALUES ('161', '35', '4', 'Serve the fish topped with fresh salsa and a side of rice.');
INSERT INTO instructions (instruction_id, recipe_id, step_number, instruction_text) VALUES ('162', '36', '1', 'In a large bowl, mix together ground turkey, breadcrumbs, and seasonings.');
INSERT INTO instructions (instruction_id, recipe_id, step_number, instruction_text) VALUES ('163', '36', '2', 'Form the mixture into burger patties.');
INSERT INTO instructions (instruction_id, recipe_id, step_number, instruction_text) VALUES ('164', '36', '3', 'Grill the patties over medium heat until fully cooked.');
INSERT INTO instructions (instruction_id, recipe_id, step_number, instruction_text) VALUES ('165', '36', '4', 'Serve the burgers on toasted buns with lettuce, tomato, and your favorite condiments.');
INSERT INTO instructions (instruction_id, recipe_id, step_number, instruction_text) VALUES ('166', '37', '1', 'Peel and chop carrots and sweet potatoes into bite-sized pieces.');
INSERT INTO instructions (instruction_id, recipe_id, step_number, instruction_text) VALUES ('167', '37', '2', 'Place vegetables in a baking dish, drizzle with olive oil, and season.');
INSERT INTO instructions (instruction_id, recipe_id, step_number, instruction_text) VALUES ('168', '37', '3', 'Roast in a preheated oven at 400°F until tender and caramelized.');
INSERT INTO instructions (instruction_id, recipe_id, step_number, instruction_text) VALUES ('169', '37', '4', 'Finish with a sprinkle of fresh herbs before serving.');
INSERT INTO instructions (instruction_id, recipe_id, step_number, instruction_text) VALUES ('170', '38', '1', 'In a large pot, simmer beef bones with water to make a broth.');
INSERT INTO instructions (instruction_id, recipe_id, step_number, instruction_text) VALUES ('171', '38', '2', 'Skim off any foam that rises to the surface.');
INSERT INTO instructions (instruction_id, recipe_id, step_number, instruction_text) VALUES ('172', '38', '3', 'Add onions, carrots, and seasonings to the broth.');
INSERT INTO instructions (instruction_id, recipe_id, step_number, instruction_text) VALUES ('173', '38', '4', 'Simmer for several hours, then strain the broth.');
INSERT INTO instructions (instruction_id, recipe_id, step_number, instruction_text) VALUES ('174', '38', '5', 'Serve the clear broth with noodles, thinly sliced beef, and fresh herbs.');
INSERT INTO instructions (instruction_id, recipe_id, step_number, instruction_text) VALUES ('175', '39', '1', 'Dice an assortment of fresh fruits like apples, oranges, and grapes.');
INSERT INTO instructions (instruction_id, recipe_id, step_number, instruction_text) VALUES ('176', '39', '2', 'Mix the fruit in a bowl with a squeeze of lemon juice to prevent browning.');
INSERT INTO instructions (instruction_id, recipe_id, step_number, instruction_text) VALUES ('177', '39', '3', 'Stir in a dollop of honey and a sprinkle of cinnamon.');
INSERT INTO instructions (instruction_id, recipe_id, step_number, instruction_text) VALUES ('178', '39', '4', 'Chill in the refrigerator before serving as a refreshing fruit salad.');
INSERT INTO instructions (instruction_id, recipe_id, step_number, instruction_text) VALUES ('179', '40', '1', 'Blend ripe avocados, lime juice, and salt to make guacamole.');
INSERT INTO instructions (instruction_id, recipe_id, step_number, instruction_text) VALUES ('180', '40', '2', 'Stir in diced onions, tomatoes, and cilantro.');
INSERT INTO instructions (instruction_id, recipe_id, step_number, instruction_text) VALUES ('181', '40', '3', 'Adjust seasoning and add a dash of hot sauce if desired.');
INSERT INTO instructions (instruction_id, recipe_id, step_number, instruction_text) VALUES ('182', '40', '4', 'Serve the guacamole with tortilla chips or as a topping for tacos.');
INSERT INTO instructions (instruction_id, recipe_id, step_number, instruction_text) VALUES ('183', '41', '1', 'Season racks of lamb with rosemary, thyme, salt, and pepper.');
INSERT INTO instructions (instruction_id, recipe_id, step_number, instruction_text) VALUES ('184', '41', '2', 'Sear the lamb in a hot skillet until browned on all sides.');
INSERT INTO instructions (instruction_id, recipe_id, step_number, instruction_text) VALUES ('185', '41', '3', 'Roast in a preheated oven at 400°F until desired doneness is reached.');
INSERT INTO instructions (instruction_id, recipe_id, step_number, instruction_text) VALUES ('186', '41', '4', 'Let the lamb rest before slicing and serve with a mint sauce.');
INSERT INTO instructions (instruction_id, recipe_id, step_number, instruction_text) VALUES ('187', '42', '1', 'Combine flour, cocoa powder, and baking powder in a bowl.');
INSERT INTO instructions (instruction_id, recipe_id, step_number, instruction_text) VALUES ('188', '42', '2', 'In another bowl, whisk together eggs, sugar, and vanilla.');
INSERT INTO instructions (instruction_id, recipe_id, step_number, instruction_text) VALUES ('189', '42', '3', 'Mix the dry ingredients into the wet until just combined.');
INSERT INTO instructions (instruction_id, recipe_id, step_number, instruction_text) VALUES ('190', '42', '4', 'Fold in chopped dark chocolate and pour batter into a baking pan.');
INSERT INTO instructions (instruction_id, recipe_id, step_number, instruction_text) VALUES ('191', '42', '5', 'Bake in a preheated oven at 350°F until a toothpick comes out clean.');
INSERT INTO instructions (instruction_id, recipe_id, step_number, instruction_text) VALUES ('192', '43', '1', 'In a large saucepan, cook chopped onions in olive oil until soft.');
INSERT INTO instructions (instruction_id, recipe_id, step_number, instruction_text) VALUES ('193', '43', '2', 'Add minced garlic and cook until fragrant.');
INSERT INTO instructions (instruction_id, recipe_id, step_number, instruction_text) VALUES ('194', '43', '3', 'Stir in canned tomatoes, basil, oregano, and simmer for 20 minutes.');
INSERT INTO instructions (instruction_id, recipe_id, step_number, instruction_text) VALUES ('195', '43', '4', 'Blend the sauce until smooth and return to the saucepan.');
INSERT INTO instructions (instruction_id, recipe_id, step_number, instruction_text) VALUES ('196', '43', '5', 'Season with salt and pepper, and use as a base for pasta dishes.');
INSERT INTO instructions (instruction_id, recipe_id, step_number, instruction_text) VALUES ('197', '44', '1', 'Season chicken wings with a mix of salt, pepper, and paprika.');
INSERT INTO instructions (instruction_id, recipe_id, step_number, instruction_text) VALUES ('198', '44', '2', 'Bake the wings in a preheated oven at 425°F until crispy.');
INSERT INTO instructions (instruction_id, recipe_id, step_number, instruction_text) VALUES ('199', '44', '3', 'In a bowl, toss the baked wings with your favorite BBQ sauce.');
INSERT INTO instructions (instruction_id, recipe_id, step_number, instruction_text) VALUES ('200', '44', '4', 'Return the wings to the oven and bake for an additional 10 minutes.');
INSERT INTO instructions (instruction_id, recipe_id, step_number, instruction_text) VALUES ('201', '45', '1', 'Peel and dice a large butternut squash.');
INSERT INTO instructions (instruction_id, recipe_id, step_number, instruction_text) VALUES ('202', '45', '2', 'Toss the squash in olive oil and season with salt and pepper.');
INSERT INTO instructions (instruction_id, recipe_id, step_number, instruction_text) VALUES ('203', '45', '3', 'Roast in a preheated oven at 400°F until tender and slightly caramelized.');
INSERT INTO instructions (instruction_id, recipe_id, step_number, instruction_text) VALUES ('204', '45', '4', 'Blend the roasted squash into a puree and use as a base for soups or sauces.');
INSERT INTO instructions (instruction_id, recipe_id, step_number, instruction_text) VALUES ('205', '46', '1', 'Mix ground beef with chopped onions, egg, breadcrumbs, and seasoning.');
INSERT INTO instructions (instruction_id, recipe_id, step_number, instruction_text) VALUES ('206', '46', '2', 'Form the mixture into patties.');
INSERT INTO instructions (instruction_id, recipe_id, step_number, instruction_text) VALUES ('207', '46', '3', 'Grill the patties on a hot grill until cooked to your preference.');
INSERT INTO instructions (instruction_id, recipe_id, step_number, instruction_text) VALUES ('208', '46', '4', 'Serve the burgers on buns with lettuce, tomato, and your choice of condiments.');
INSERT INTO instructions (instruction_id, recipe_id, step_number, instruction_text) VALUES ('209', '47', '1', 'Slice fresh mozzarella and tomatoes.');
INSERT INTO instructions (instruction_id, recipe_id, step_number, instruction_text) VALUES ('210', '47', '2', 'Layer the mozzarella and tomato slices on a platter.');
INSERT INTO instructions (instruction_id, recipe_id, step_number, instruction_text) VALUES ('211', '47', '3', 'Drizzle with olive oil and balsamic glaze.');
INSERT INTO instructions (instruction_id, recipe_id, step_number, instruction_text) VALUES ('212', '47', '4', 'Garnish with fresh basil leaves and a sprinkle of salt and pepper.');
INSERT INTO instructions (instruction_id, recipe_id, step_number, instruction_text) VALUES ('213', '48', '1', 'Cook pasta in boiling salted water until al dente.');
INSERT INTO instructions (instruction_id, recipe_id, step_number, instruction_text) VALUES ('214', '48', '2', 'In a skillet, cook garlic in olive oil until golden.');
INSERT INTO instructions (instruction_id, recipe_id, step_number, instruction_text) VALUES ('215', '48', '3', 'Add cooked and drained pasta to the skillet with fresh parsley.');
INSERT INTO instructions (instruction_id, recipe_id, step_number, instruction_text) VALUES ('216', '48', '4', 'Toss the pasta with grated Parmesan cheese and serve immediately.');
INSERT INTO instructions (instruction_id, recipe_id, step_number, instruction_text) VALUES ('217', '49', '1', 'In a bowl, whisk together eggs, milk, salt, and pepper.');
INSERT INTO instructions (instruction_id, recipe_id, step_number, instruction_text) VALUES ('218', '49', '2', 'Heat a non-stick skillet and pour in the egg mixture.');
INSERT INTO instructions (instruction_id, recipe_id, step_number, instruction_text) VALUES ('219', '49', '3', 'Cook the eggs over low heat, gently stirring until they re softly set.');
INSERT INTO instructions (instruction_id, recipe_id, step_number, instruction_text) VALUES ('220', '49', '4', 'Serve the scrambled eggs with toast and a side of fresh fruit.');
INSERT INTO instructions (instruction_id, recipe_id, step_number, instruction_text) VALUES ('221', '50', '1', 'Clean and chop a variety of mushrooms.');
INSERT INTO instructions (instruction_id, recipe_id, step_number, instruction_text) VALUES ('222', '50', '2', 'Sauté the mushrooms in butter with minced garlic.');
INSERT INTO instructions (instruction_id, recipe_id, step_number, instruction_text) VALUES ('223', '50', '3', 'Deglaze the pan with white wine and add a splash of cream.');
INSERT INTO instructions (instruction_id, recipe_id, step_number, instruction_text) VALUES ('224', '50', '4', 'Serve the creamy mushrooms over grilled steak or toasted bread.');
INSERT INTO instructions (instruction_id, recipe_id, step_number, instruction_text) VALUES ('225', '51', '1', 'Season a whole fish with lemon, garlic, and herbs.');
INSERT INTO instructions (instruction_id, recipe_id, step_number, instruction_text) VALUES ('226', '51', '2', 'Place the fish in a baking dish and surround with sliced potatoes and onions.');
INSERT INTO instructions (instruction_id, recipe_id, step_number, instruction_text) VALUES ('227', '51', '3', 'Bake in a preheated oven at 375°F until the fish is cooked through.');
INSERT INTO instructions (instruction_id, recipe_id, step_number, instruction_text) VALUES ('228', '51', '4', 'Serve the baked fish with a side of roasted vegetables.');
INSERT INTO instructions (instruction_id, recipe_id, step_number, instruction_text) VALUES ('229', '52', '1', 'Blend spinach, kale, banana, and almond milk for a green smoothie.');
INSERT INTO instructions (instruction_id, recipe_id, step_number, instruction_text) VALUES ('230', '52', '2', 'Add a scoop of protein powder or Greek yogurt for extra protein.');
INSERT INTO instructions (instruction_id, recipe_id, step_number, instruction_text) VALUES ('231', '52', '3', 'Pour the smoothie into a glass and add a few ice cubes.');
INSERT INTO instructions (instruction_id, recipe_id, step_number, instruction_text) VALUES ('232', '52', '4', 'Garnish with a slice of lime or a sprig of mint.');
INSERT INTO instructions (instruction_id, recipe_id, step_number, instruction_text) VALUES ('233', '53', '1', 'Cut beef into thin strips and season with soy sauce and sesame oil.');
INSERT INTO instructions (instruction_id, recipe_id, step_number, instruction_text) VALUES ('234', '53', '2', 'Stir-fry the beef in a hot pan until just cooked.');
INSERT INTO instructions (instruction_id, recipe_id, step_number, instruction_text) VALUES ('235', '53', '3', 'Add sliced bell peppers and onions, cooking until they are tender.');
INSERT INTO instructions (instruction_id, recipe_id, step_number, instruction_text) VALUES ('236', '53', '4', 'Serve the beef and vegetables over cooked rice or wrapped in lettuce leaves.');
INSERT INTO instructions (instruction_id, recipe_id, step_number, instruction_text) VALUES ('237', '54', '1', 'Combine flour, sugar, baking powder, and a pinch of salt in a bowl.');
INSERT INTO instructions (instruction_id, recipe_id, step_number, instruction_text) VALUES ('238', '54', '2', 'In a separate bowl, mix milk, melted butter, and an egg.');
INSERT INTO instructions (instruction_id, recipe_id, step_number, instruction_text) VALUES ('239', '54', '3', 'Pour the wet ingredients into the dry and stir until just combined.');
INSERT INTO instructions (instruction_id, recipe_id, step_number, instruction_text) VALUES ('240', '54', '4', 'Cook the batter in a greased skillet until bubbles form, then flip to cook the other side.');
INSERT INTO instructions (instruction_id, recipe_id, step_number, instruction_text) VALUES ('241', '54', '5', 'Serve the pancakes with syrup, fresh berries, or whipped cream.');
INSERT INTO instructions (instruction_id, recipe_id, step_number, instruction_text) VALUES ('242', '55', '1', 'Toss diced sweet potatoes in olive oil and roast until tender.');
INSERT INTO instructions (instruction_id, recipe_id, step_number, instruction_text) VALUES ('243', '55', '2', 'Sauté chopped onions, garlic, and ground turkey in a skillet.');
INSERT INTO instructions (instruction_id, recipe_id, step_number, instruction_text) VALUES ('244', '55', '3', 'Add black beans, corn, and diced tomatoes to the skillet.');
INSERT INTO instructions (instruction_id, recipe_id, step_number, instruction_text) VALUES ('245', '55', '4', 'Fill the roasted sweet potatoes with the turkey and vegetable mixture.');
INSERT INTO instructions (instruction_id, recipe_id, step_number, instruction_text) VALUES ('246', '56', '1', 'Prepare sushi rice according to package instructions.');
INSERT INTO instructions (instruction_id, recipe_id, step_number, instruction_text) VALUES ('247', '56', '2', 'Lay a sheet of nori on a bamboo sushi mat.');
INSERT INTO instructions (instruction_id, recipe_id, step_number, instruction_text) VALUES ('248', '56', '3', 'Spread rice on the nori and add your choice of fillings like fish, cucumber, and avocado.');
INSERT INTO instructions (instruction_id, recipe_id, step_number, instruction_text) VALUES ('249', '56', '4', 'Roll the sushi tightly using the mat, then slice into pieces and serve with soy sauce.');
INSERT INTO instructions (instruction_id, recipe_id, step_number, instruction_text) VALUES ('250', '57', '1', 'Season lamb shanks with salt and brown in a hot ovenproof pot.');
INSERT INTO instructions (instruction_id, recipe_id, step_number, instruction_text) VALUES ('251', '57', '2', 'Remove the lamb and sauté onions, carrots, and garlic in the same pot.');
INSERT INTO instructions (instruction_id, recipe_id, step_number, instruction_text) VALUES ('252', '57', '3', 'Add red wine, broth, and return the lamb shanks to the pot.');
INSERT INTO instructions (instruction_id, recipe_id, step_number, instruction_text) VALUES ('253', '57', '4', 'Cover and cook in the oven at 325°F until the lamb is tender.');
INSERT INTO instructions (instruction_id, recipe_id, step_number, instruction_text) VALUES ('254', '58', '1', 'Slice a variety of fresh vegetables like bell peppers, zucchini, and eggplant.');
INSERT INTO instructions (instruction_id, recipe_id, step_number, instruction_text) VALUES ('255', '58', '2', 'Toss the vegetables in olive oil, salt, and pepper.');
INSERT INTO instructions (instruction_id, recipe_id, step_number, instruction_text) VALUES ('256', '58', '3', 'Grill the vegetables until they are tender and have grill marks.');
INSERT INTO instructions (instruction_id, recipe_id, step_number, instruction_text) VALUES ('257', '58', '4', 'Serve the grilled vegetables as a side or over a bed of quinoa or rice.');
INSERT INTO instructions (instruction_id, recipe_id, step_number, instruction_text) VALUES ('258', '59', '1', 'Mix chopped tomatoes, red onion, cilantro, lime juice, and jalapeño for pico de gallo.');
INSERT INTO instructions (instruction_id, recipe_id, step_number, instruction_text) VALUES ('259', '59', '2', 'Season the mixture with salt and let it sit for the flavors to meld.');
INSERT INTO instructions (instruction_id, recipe_id, step_number, instruction_text) VALUES ('260', '59', '3', 'Grill chicken breasts seasoned with taco seasoning.');
INSERT INTO instructions (instruction_id, recipe_id, step_number, instruction_text) VALUES ('261', '59', '4', 'Slice the grilled chicken and serve with the pico de gallo and warm tortillas.');
INSERT INTO instructions (instruction_id, recipe_id, step_number, instruction_text) VALUES ('262', '60', '1', 'Blend ripe bananas, eggs, and vanilla extract to form a batter.');
INSERT INTO instructions (instruction_id, recipe_id, step_number, instruction_text) VALUES ('263', '60', '2', 'Heat a non-stick skillet and pour small amounts of the batter to make pancakes.');
INSERT INTO instructions (instruction_id, recipe_id, step_number, instruction_text) VALUES ('264', '60', '3', 'Cook until bubbles appear on the surface, then flip to cook the other side.');
INSERT INTO instructions (instruction_id, recipe_id, step_number, instruction_text) VALUES ('265', '60', '4', 'Serve the banana pancakes with a drizzle of honey or maple syrup.');
INSERT INTO instructions (instruction_id, recipe_id, step_number, instruction_text) VALUES ('266', '61', '1', 'Season a beef brisket with a mix of paprika, garlic powder, salt, and pepper.');
INSERT INTO instructions (instruction_id, recipe_id, step_number, instruction_text) VALUES ('267', '61', '2', 'Slow-cook the brisket in a smoker or oven at low temperature for several hours.');
INSERT INTO instructions (instruction_id, recipe_id, step_number, instruction_text) VALUES ('268', '61', '3', 'Once tender, let the brisket rest before slicing.');
INSERT INTO instructions (instruction_id, recipe_id, step_number, instruction_text) VALUES ('269', '61', '4', 'Serve the sliced brisket with BBQ sauce and coleslaw.');
INSERT INTO instructions (instruction_id, recipe_id, step_number, instruction_text) VALUES ('270', '62', '1', 'Soak rice noodles in warm water until they are soft.');
INSERT INTO instructions (instruction_id, recipe_id, step_number, instruction_text) VALUES ('271', '62', '2', 'Stir-fry shrimp and tofu in a wok, then set aside.');
INSERT INTO instructions (instruction_id, recipe_id, step_number, instruction_text) VALUES ('272', '62', '3', 'In the same wok, cook beaten eggs, then add drained noodles.');
INSERT INTO instructions (instruction_id, recipe_id, step_number, instruction_text) VALUES ('273', '62', '4', 'Add a sauce made of tamarind paste, fish sauce, and sugar to the wok.');
INSERT INTO instructions (instruction_id, recipe_id, step_number, instruction_text) VALUES ('274', '62', '5', 'Mix in the shrimp, tofu, and garnish with crushed peanuts and lime wedges.');
INSERT INTO instructions (instruction_id, recipe_id, step_number, instruction_text) VALUES ('275', '63', '1', 'Cut assorted fresh fruit into bite-sized pieces.');
INSERT INTO instructions (instruction_id, recipe_id, step_number, instruction_text) VALUES ('276', '63', '2', 'Skewer the fruit pieces onto wooden sticks.');
INSERT INTO instructions (instruction_id, recipe_id, step_number, instruction_text) VALUES ('277', '63', '3', 'Chill the fruit skewers in the refrigerator.');
INSERT INTO instructions (instruction_id, recipe_id, step_number, instruction_text) VALUES ('278', '63', '4', 'Serve as a refreshing and healthy snack or dessert.');
INSERT INTO instructions (instruction_id, recipe_id, step_number, instruction_text) VALUES ('279', '64', '1', 'Blend fresh basil leaves, pine nuts, garlic, and Parmesan cheese to make pesto.');
INSERT INTO instructions (instruction_id, recipe_id, step_number, instruction_text) VALUES ('280', '64', '2', 'Cook your choice of pasta in boiling salted water until al dente.');
INSERT INTO instructions (instruction_id, recipe_id, step_number, instruction_text) VALUES ('281', '64', '3', 'Drain the pasta and mix it with the fresh pesto.');
INSERT INTO instructions (instruction_id, recipe_id, step_number, instruction_text) VALUES ('282', '64', '4', 'Serve the pesto pasta garnished with extra Parmesan and a drizzle of olive oil.');
INSERT INTO instructions (instruction_id, recipe_id, step_number, instruction_text) VALUES ('283', '65', '1', 'Season chicken drumsticks with a mixture of spices.');
INSERT INTO instructions (instruction_id, recipe_id, step_number, instruction_text) VALUES ('284', '65', '2', 'Arrange the drumsticks on a baking tray.');
INSERT INTO instructions (instruction_id, recipe_id, step_number, instruction_text) VALUES ('285', '65', '3', 'Bake in a preheated oven at 375°F until the chicken is cooked through.');
INSERT INTO instructions (instruction_id, recipe_id, step_number, instruction_text) VALUES ('286', '65', '4', 'Serve the baked chicken with a side of roasted vegetables or a salad.');
INSERT INTO instructions (instruction_id, recipe_id, step_number, instruction_text) VALUES ('287', '66', '1', 'In a large bowl, combine diced cucumber, yogurt, garlic, and dill for tzatziki.');
INSERT INTO instructions (instruction_id, recipe_id, step_number, instruction_text) VALUES ('288', '66', '2', 'Chill the tzatziki in the refrigerator.');
INSERT INTO instructions (instruction_id, recipe_id, step_number, instruction_text) VALUES ('289', '66', '3', 'Grill slices of halloumi cheese until golden and crispy.');
INSERT INTO instructions (instruction_id, recipe_id, step_number, instruction_text) VALUES ('290', '66', '4', 'Serve the grilled halloumi with the chilled tzatziki.');
INSERT INTO instructions (instruction_id, recipe_id, step_number, instruction_text) VALUES ('291', '67', '1', 'Dice potatoes and boil them until tender.');
INSERT INTO instructions (instruction_id, recipe_id, step_number, instruction_text) VALUES ('292', '67', '2', 'Mash the boiled potatoes with butter, milk, and seasonings.');
INSERT INTO instructions (instruction_id, recipe_id, step_number, instruction_text) VALUES ('293', '67', '3', 'Stir in chopped green onions or chives.');
INSERT INTO instructions (instruction_id, recipe_id, step_number, instruction_text) VALUES ('294', '67', '4', 'Serve the mashed potatoes as a side dish with meats or vegetables.');
INSERT INTO instructions (instruction_id, recipe_id, step_number, instruction_text) VALUES ('295', '68', '1', 'Season fillets of white fish with lemon juice, salt, and pepper.');
INSERT INTO instructions (instruction_id, recipe_id, step_number, instruction_text) VALUES ('296', '68', '2', 'Dredge the fish in flour, then in beaten egg, and finally in breadcrumbs.');
INSERT INTO instructions (instruction_id, recipe_id, step_number, instruction_text) VALUES ('297', '68', '3', 'Fry the breaded fish in hot oil until golden and crispy.');
INSERT INTO instructions (instruction_id, recipe_id, step_number, instruction_text) VALUES ('298', '68', '4', 'Serve the fried fish with tartar sauce and lemon wedges.');
INSERT INTO instructions (instruction_id, recipe_id, step_number, instruction_text) VALUES ('299', '69', '1', 'Chop an assortment of fresh vegetables, such as bell peppers, zucchini, and onions.');
INSERT INTO instructions (instruction_id, recipe_id, step_number, instruction_text) VALUES ('300', '69', '2', 'Toss the vegetables in a bowl with olive oil, balsamic vinegar, salt, and pepper.');
INSERT INTO instructions (instruction_id, recipe_id, step_number, instruction_text) VALUES ('301', '69', '3', 'Spread the vegetables on a baking sheet and roast in a preheated oven at 425°F until they are tender and caramelized, about 25-30 minutes.');
INSERT INTO instructions (instruction_id, recipe_id, step_number, instruction_text) VALUES ('302', '69', '4', 'Serve the roasted vegetables as a healthy side dish or use them as a topping for grain bowls or salads.');
INSERT INTO instructions (instruction_id, recipe_id, step_number, instruction_text) VALUES ('303', '70', '1', 'Prepare a marinade by mixing soy sauce, honey, ginger, and garlic.');
INSERT INTO instructions (instruction_id, recipe_id, step_number, instruction_text) VALUES ('304', '70', '2', 'Marinate chicken thighs in the mixture for at least 1 hour or overnight in the refrigerator.');
INSERT INTO instructions (instruction_id, recipe_id, step_number, instruction_text) VALUES ('305', '70', '3', 'Grill the marinated chicken over medium heat, turning occasionally, until it is thoroughly cooked and has nice grill marks.');
INSERT INTO instructions (instruction_id, recipe_id, step_number, instruction_text) VALUES ('306', '70', '4', 'Serve the grilled chicken with a side of steamed rice and a sprinkle of sesame seeds and sliced green onions.');
INSERT INTO users (user_id, username, password) VALUES ('1', 'alexsmith', 'hashed_password_1');
INSERT INTO users (user_id, username, password) VALUES ('2', 'johndoe', 'hashed_password_2');
INSERT INTO users (user_id, username, password) VALUES ('3', 'emilyjones', 'hashed_password_3');
INSERT INTO users (user_id, username, password) VALUES ('4', 'sarahlee', 'hashed_password_4');
INSERT INTO users (user_id, username, password) VALUES ('5', 'michaelbrown', 'hashed_password_5');
INSERT INTO users (user_id, username, password) VALUES ('6', 'lauragreen', 'hashed_password_6');
INSERT INTO users (user_id, username, password) VALUES ('7', 'davidmiller', 'hashed_password_7');
INSERT INTO users (user_id, username, password) VALUES ('8', 'chloewhite', 'hashed_password_8');
INSERT INTO users (user_id, username, password) VALUES ('9', 'danielgarcia', 'hashed_password_9');
INSERT INTO users (user_id, username, password) VALUES ('10', 'sophiamartinez', 'hashed_password_10');
INSERT INTO users (user_id, username, password) VALUES ('11', 'jamesjohnson', 'hashed_password_11');
INSERT INTO users (user_id, username, password) VALUES ('12', 'isabelladavis', 'hashed_password_12');
INSERT INTO users (user_id, username, password) VALUES ('13', 'oliverrodriguez', 'hashed_password_13');
INSERT INTO users (user_id, username, password) VALUES ('14', 'emmalopez', 'hashed_password_14');
INSERT INTO users (user_id, username, password) VALUES ('15', 'noahhernandez', 'hashed_password_15');
INSERT INTO users (user_id, username, password) VALUES ('16', 'amandawilson', 'hashed_password_16');
INSERT INTO users (user_id, username, password) VALUES ('17', 'briananderson', 'hashed_password_17');
INSERT INTO users (user_id, username, password) VALUES ('18', 'jessicathomas', 'hashed_password_18');
INSERT INTO users (user_id, username, password) VALUES ('19', 'kevinjackson', 'hashed_password_19');
INSERT INTO users (user_id, username, password) VALUES ('20', 'sarahmoore', 'hashed_password_20');
INSERT INTO users (user_id, username, password) VALUES ('21', 'chriswhite', 'hashed_password_21');
INSERT INTO users (user_id, username, password) VALUES ('22', 'megantaylor', 'hashed_password_22');
INSERT INTO users (user_id, username, password) VALUES ('23', 'mikerobinson', 'hashed_password_23');
INSERT INTO users (user_id, username, password) VALUES ('24', 'amywalker', 'hashed_password_24');
INSERT INTO users (user_id, username, password) VALUES ('25', 'justinlee', 'hashed_password_25');
INSERT INTO users (user_id, username, password) VALUES ('26', 'caroldavis', 'hashed_password_26');
INSERT INTO users (user_id, username, password) VALUES ('27', 'garymartinez', 'hashed_password_27');
INSERT INTO users (user_id, username, password) VALUES ('28', 'lisamartin', 'hashed_password_28');
INSERT INTO users (user_id, username, password) VALUES ('29', 'paulgarcia', 'hashed_password_29');
INSERT INTO users (user_id, username, password) VALUES ('30', 'lindalopez', 'hashed_password_30');
INSERT INTO users (user_id, username, password) VALUES ('31', 'natalieharris', 'hashed_password_31');
INSERT INTO users (user_id, username, password) VALUES ('32', 'ethanclark', 'hashed_password_32');
INSERT INTO users (user_id, username, password) VALUES ('33', 'madisonlewis', 'hashed_password_33');
INSERT INTO users (user_id, username, password) VALUES ('34', 'jacobyoung', 'hashed_password_34');
INSERT INTO users (user_id, username, password) VALUES ('35', 'rachelallen', 'hashed_password_35');
INSERT INTO users (user_id, username, password) VALUES ('36', 'matthewking', 'hashed_password_36');
INSERT INTO users (user_id, username, password) VALUES ('37', 'laurenhill', 'hashed_password_37');
INSERT INTO users (user_id, username, password) VALUES ('38', 'nicholasscott', 'hashed_password_38');
INSERT INTO users (user_id, username, password) VALUES ('39', 'kaylawright', 'hashed_password_39');
INSERT INTO users (user_id, username, password) VALUES ('40', 'tylergreen', 'hashed_password_40');
INSERT INTO users (user_id, username, password) VALUES ('41', 'abigailadams', 'hashed_password_41');
INSERT INTO users (user_id, username, password) VALUES ('42', 'jonathanbaker', 'hashed_password_42');
INSERT INTO users (user_id, username, password) VALUES ('43', 'katherinegonzalez', 'hashed_password_43');
INSERT INTO users (user_id, username, password) VALUES ('44', 'aaronnelson', 'hashed_password_44');
INSERT INTO users (user_id, username, password) VALUES ('45', 'juliacarter', 'hashed_password_45');
INSERT INTO users (user_id, username, password) VALUES ('46', 'austinmitchell', 'hashed_password_46');
INSERT INTO users (user_id, username, password) VALUES ('47', 'vanessaperez', 'hashed_password_47');
INSERT INTO users (user_id, username, password) VALUES ('48', 'andrewroberts', 'hashed_password_48');
INSERT INTO users (user_id, username, password) VALUES ('49', 'jasmineturner', 'hashed_password_49');
INSERT INTO users (user_id, username, password) VALUES ('50', 'bryancox', 'hashed_password_50');
INSERT INTO users (user_id, username, password) VALUES ('51', 'gracephillips', 'hashed_password_51');
INSERT INTO users (user_id, username, password) VALUES ('52', 'bradleyrichardson', 'hashed_password_52');
INSERT INTO users (user_id, username, password) VALUES ('53', 'oliviarussell', 'hashed_password_53');
INSERT INTO users (user_id, username, password) VALUES ('54', 'derekray', 'hashed_password_54');
INSERT INTO users (user_id, username, password) VALUES ('55', 'ameliareed', 'hashed_password_55');
INSERT INTO users (user_id, username, password) VALUES ('56', 'calebbell', 'hashed_password_56');
INSERT INTO users (user_id, username, password) VALUES ('57', 'zoeward', 'hashed_password_57');
INSERT INTO users (user_id, username, password) VALUES ('58', 'sethcole', 'hashed_password_58');
INSERT INTO users (user_id, username, password) VALUES ('59', 'sophiegray', 'hashed_password_59');
INSERT INTO users (user_id, username, password) VALUES ('60', 'connorjames', 'hashed_password_60');
INSERT INTO users (user_id, username, password) VALUES ('61', 'haileyfoster', 'hashed_password_61');
INSERT INTO users (user_id, username, password) VALUES ('62', 'lucasbrooks', 'hashed_password_62');
INSERT INTO users (user_id, username, password) VALUES ('63', 'chloemorris', 'hashed_password_63');
INSERT INTO users (user_id, username, password) VALUES ('64', 'gabrielpatterson', 'hashed_password_64');
INSERT INTO users (user_id, username, password) VALUES ('65', 'isabellehughes', 'hashed_password_65');
INSERT INTO users (user_id, username, password) VALUES ('66', 'masonhoward', 'hashed_password_66');
INSERT INTO users (user_id, username, password) VALUES ('67', 'victoriaprice', 'hashed_password_67');
INSERT INTO users (user_id, username, password) VALUES ('68', 'owenpowell', 'hashed_password_68');
INSERT INTO users (user_id, username, password) VALUES ('69', 'lilylong', 'hashed_password_69');
INSERT INTO users (user_id, username, password) VALUES ('70', 'ianparker', 'hashed_password_70');
INSERT INTO users (user_id, username, password) VALUES ('71', 'kayleeperry', 'hashed_password_71');
INSERT INTO users (user_id, username, password) VALUES ('72', 'liamross', 'hashed_password_72');
INSERT INTO users (user_id, username, password) VALUES ('73', 'mayaalexander', 'hashed_password_73');
INSERT INTO users (user_id, username, password) VALUES ('74', 'evanmyers', 'hashed_password_74');
INSERT INTO users (user_id, username, password) VALUES ('75', 'ariannawatson', 'hashed_password_75');
INSERT INTO users (user_id, username, password) VALUES ('76', 'jackreyes', 'hashed_password_76');
INSERT INTO users (user_id, username, password) VALUES ('77', 'evelynweaver', 'hashed_password_77');
INSERT INTO users (user_id, username, password) VALUES ('78', 'lukeharrison', 'hashed_password_78');
INSERT INTO users (user_id, username, password) VALUES ('79', 'zoewhite', 'hashed_password_79');
INSERT INTO users (user_id, username, password) VALUES ('80', 'adrianfoster', 'hashed_password_80');
INSERT INTO users (user_id, username, password) VALUES ('81', 'scarletthayes', 'hashed_password_81');
INSERT INTO users (user_id, username, password) VALUES ('82', 'ryanhunter', 'hashed_password_82');
INSERT INTO users (user_id, username, password) VALUES ('83', 'ellieelliott', 'hashed_password_83');
INSERT INTO users (user_id, username, password) VALUES ('84', 'jordansimmons', 'hashed_password_84');
INSERT INTO users (user_id, username, password) VALUES ('85', 'lucywilliams', 'hashed_password_85');
INSERT INTO users (user_id, username, password) VALUES ('86', 'kylemartinez', 'hashed_password_86');
INSERT INTO users (user_id, username, password) VALUES ('87', 'sophiathompson', 'hashed_password_87');
INSERT INTO users (user_id, username, password) VALUES ('88', 'owenanderson', 'hashed_password_88');
INSERT INTO users (user_id, username, password) VALUES ('89', 'miaclark', 'hashed_password_89');
INSERT INTO users (user_id, username, password) VALUES ('90', 'hunterrobinson', 'hashed_password_90');
INSERT INTO users (user_id, username, password) VALUES ('91', 'emmarussell', 'hashed_password_91');
INSERT INTO users (user_id, username, password) VALUES ('92', 'cameronmiller', 'hashed_password_92');
INSERT INTO users (user_id, username, password) VALUES ('93', 'isabellabrown', 'hashed_password_93');
INSERT INTO users (user_id, username, password) VALUES ('94', 'masondavis', 'hashed_password_94');
INSERT INTO users (user_id, username, password) VALUES ('95', 'avawilson', 'hashed_password_95');
INSERT INTO users (user_id, username, password) VALUES ('96', 'olivermartin', 'hashed_password_96');
INSERT INTO users (user_id, username, password) VALUES ('97', 'charlottelewis', 'hashed_password_97');
INSERT INTO users (user_id, username, password) VALUES ('98', 'noahwalker', 'hashed_password_98');
INSERT INTO users (user_id, username, password) VALUES ('99', 'harperhall', 'hashed_password_99');
INSERT INTO users (user_id, username, password) VALUES ('100', 'liamallen', 'hashed_password_100');
INSERT INTO users (user_id, username, password) VALUES ('101', 'user1', 'password1');
INSERT INTO users (user_id, username, password) VALUES ('102', 'user2', 'password2');
INSERT INTO users (user_id, username, password) VALUES ('103', 'newuser', 'newpassword');
INSERT INTO user_favorites (user_id, recipe_id) VALUES ('1', '1');
INSERT INTO user_favorites (user_id, recipe_id) VALUES ('2', '2');
INSERT INTO user_favorites (user_id, recipe_id) VALUES ('3', '3');
INSERT INTO user_favorites (user_id, recipe_id) VALUES ('4', '4');
INSERT INTO user_favorites (user_id, recipe_id) VALUES ('5', '5');
INSERT INTO user_favorites (user_id, recipe_id) VALUES ('6', '6');
INSERT INTO user_favorites (user_id, recipe_id) VALUES ('7', '7');
INSERT INTO user_favorites (user_id, recipe_id) VALUES ('8', '8');
INSERT INTO user_favorites (user_id, recipe_id) VALUES ('9', '9');
INSERT INTO user_favorites (user_id, recipe_id) VALUES ('10', '10');
INSERT INTO user_favorites (user_id, recipe_id) VALUES ('11', '11');
INSERT INTO user_favorites (user_id, recipe_id) VALUES ('12', '12');
INSERT INTO user_favorites (user_id, recipe_id) VALUES ('13', '13');
INSERT INTO user_favorites (user_id, recipe_id) VALUES ('14', '14');
INSERT INTO user_favorites (user_id, recipe_id) VALUES ('15', '15');
INSERT INTO user_favorites (user_id, recipe_id) VALUES ('16', '16');
INSERT INTO user_favorites (user_id, recipe_id) VALUES ('17', '17');
INSERT INTO user_favorites (user_id, recipe_id) VALUES ('18', '18');
INSERT INTO user_favorites (user_id, recipe_id) VALUES ('19', '19');
INSERT INTO user_favorites (user_id, recipe_id) VALUES ('20', '20');
INSERT INTO user_favorites (user_id, recipe_id) VALUES ('21', '21');
INSERT INTO user_favorites (user_id, recipe_id) VALUES ('22', '22');
INSERT INTO user_favorites (user_id, recipe_id) VALUES ('23', '23');
INSERT INTO user_favorites (user_id, recipe_id) VALUES ('24', '24');
INSERT INTO user_favorites (user_id, recipe_id) VALUES ('25', '25');
INSERT INTO user_favorites (user_id, recipe_id) VALUES ('26', '26');
INSERT INTO user_favorites (user_id, recipe_id) VALUES ('27', '27');
INSERT INTO user_favorites (user_id, recipe_id) VALUES ('28', '28');
INSERT INTO user_favorites (user_id, recipe_id) VALUES ('29', '29');
INSERT INTO user_favorites (user_id, recipe_id) VALUES ('30', '30');
INSERT INTO user_favorites (user_id, recipe_id) VALUES ('31', '31');
INSERT INTO user_favorites (user_id, recipe_id) VALUES ('32', '32');
INSERT INTO user_favorites (user_id, recipe_id) VALUES ('33', '33');
INSERT INTO user_favorites (user_id, recipe_id) VALUES ('34', '34');
INSERT INTO user_favorites (user_id, recipe_id) VALUES ('35', '35');
INSERT INTO user_favorites (user_id, recipe_id) VALUES ('36', '36');
INSERT INTO user_favorites (user_id, recipe_id) VALUES ('37', '37');
INSERT INTO user_favorites (user_id, recipe_id) VALUES ('38', '38');
INSERT INTO user_favorites (user_id, recipe_id) VALUES ('39', '39');
INSERT INTO user_favorites (user_id, recipe_id) VALUES ('40', '40');
INSERT INTO user_favorites (user_id, recipe_id) VALUES ('41', '41');
INSERT INTO user_favorites (user_id, recipe_id) VALUES ('42', '42');
INSERT INTO user_favorites (user_id, recipe_id) VALUES ('43', '43');
INSERT INTO user_favorites (user_id, recipe_id) VALUES ('44', '44');
INSERT INTO user_favorites (user_id, recipe_id) VALUES ('45', '45');
INSERT INTO user_favorites (user_id, recipe_id) VALUES ('46', '46');
INSERT INTO user_favorites (user_id, recipe_id) VALUES ('47', '47');
INSERT INTO user_favorites (user_id, recipe_id) VALUES ('48', '48');
INSERT INTO user_favorites (user_id, recipe_id) VALUES ('49', '49');
INSERT INTO user_favorites (user_id, recipe_id) VALUES ('50', '50');
INSERT INTO user_favorites (user_id, recipe_id) VALUES ('51', '1');
INSERT INTO user_favorites (user_id, recipe_id) VALUES ('52', '2');
INSERT INTO user_favorites (user_id, recipe_id) VALUES ('53', '3');
INSERT INTO user_favorites (user_id, recipe_id) VALUES ('54', '4');
INSERT INTO user_favorites (user_id, recipe_id) VALUES ('55', '5');
INSERT INTO user_favorites (user_id, recipe_id) VALUES ('56', '6');
INSERT INTO user_favorites (user_id, recipe_id) VALUES ('57', '7');
INSERT INTO user_favorites (user_id, recipe_id) VALUES ('58', '8');
INSERT INTO user_favorites (user_id, recipe_id) VALUES ('59', '9');
INSERT INTO user_favorites (user_id, recipe_id) VALUES ('60', '10');
INSERT INTO user_favorites (user_id, recipe_id) VALUES ('61', '11');
INSERT INTO user_favorites (user_id, recipe_id) VALUES ('62', '12');
INSERT INTO user_favorites (user_id, recipe_id) VALUES ('63', '13');
INSERT INTO user_favorites (user_id, recipe_id) VALUES ('64', '14');
INSERT INTO user_favorites (user_id, recipe_id) VALUES ('65', '15');
INSERT INTO user_favorites (user_id, recipe_id) VALUES ('66', '16');
INSERT INTO user_favorites (user_id, recipe_id) VALUES ('67', '17');
INSERT INTO user_favorites (user_id, recipe_id) VALUES ('68', '18');
INSERT INTO user_favorites (user_id, recipe_id) VALUES ('69', '19');
INSERT INTO user_favorites (user_id, recipe_id) VALUES ('70', '20');
INSERT INTO user_favorites (user_id, recipe_id) VALUES ('71', '21');
INSERT INTO user_favorites (user_id, recipe_id) VALUES ('72', '22');
INSERT INTO user_favorites (user_id, recipe_id) VALUES ('73', '23');
INSERT INTO user_favorites (user_id, recipe_id) VALUES ('74', '24');
INSERT INTO user_favorites (user_id, recipe_id) VALUES ('75', '25');
INSERT INTO user_favorites (user_id, recipe_id) VALUES ('76', '26');
INSERT INTO user_favorites (user_id, recipe_id) VALUES ('77', '27');
INSERT INTO user_favorites (user_id, recipe_id) VALUES ('78', '28');
INSERT INTO user_favorites (user_id, recipe_id) VALUES ('79', '29');
INSERT INTO user_favorites (user_id, recipe_id) VALUES ('80', '30');
INSERT INTO user_favorites (user_id, recipe_id) VALUES ('81', '1');
INSERT INTO user_favorites (user_id, recipe_id) VALUES ('82', '2');
INSERT INTO user_favorites (user_id, recipe_id) VALUES ('83', '3');
INSERT INTO user_favorites (user_id, recipe_id) VALUES ('84', '4');
INSERT INTO user_favorites (user_id, recipe_id) VALUES ('85', '5');
INSERT INTO user_favorites (user_id, recipe_id) VALUES ('86', '6');
INSERT INTO user_favorites (user_id, recipe_id) VALUES ('87', '7');
INSERT INTO user_favorites (user_id, recipe_id) VALUES ('88', '8');
INSERT INTO user_favorites (user_id, recipe_id) VALUES ('89', '9');
INSERT INTO user_favorites (user_id, recipe_id) VALUES ('90', '10');
INSERT INTO user_favorites (user_id, recipe_id) VALUES ('91', '11');
INSERT INTO user_favorites (user_id, recipe_id) VALUES ('92', '12');
INSERT INTO user_favorites (user_id, recipe_id) VALUES ('93', '13');
INSERT INTO user_favorites (user_id, recipe_id) VALUES ('94', '14');
INSERT INTO user_favorites (user_id, recipe_id) VALUES ('95', '15');
INSERT INTO user_favorites (user_id, recipe_id) VALUES ('96', '16');
INSERT INTO user_favorites (user_id, recipe_id) VALUES ('97', '17');
INSERT INTO user_favorites (user_id, recipe_id) VALUES ('98', '18');
INSERT INTO user_favorites (user_id, recipe_id) VALUES ('99', '19');
INSERT INTO user_favorites (user_id, recipe_id) VALUES ('100', '20');
INSERT INTO user_favorites (user_id, recipe_id) VALUES ('1', '71');
INSERT INTO user_favorites (user_id, recipe_id) VALUES ('1', '71');
INSERT INTO user_ratings (user_id, recipe_id, rating) VALUES ('1', '1', '5');
INSERT INTO user_ratings (user_id, recipe_id, rating) VALUES ('2', '2', '4');
INSERT INTO user_ratings (user_id, recipe_id, rating) VALUES ('3', '3', '3');
INSERT INTO user_ratings (user_id, recipe_id, rating) VALUES ('4', '4', '5');
INSERT INTO user_ratings (user_id, recipe_id, rating) VALUES ('5', '5', '4');
INSERT INTO user_ratings (user_id, recipe_id, rating) VALUES ('6', '6', '3');
INSERT INTO user_ratings (user_id, recipe_id, rating) VALUES ('7', '7', '5');
INSERT INTO user_ratings (user_id, recipe_id, rating) VALUES ('8', '8', '4');
INSERT INTO user_ratings (user_id, recipe_id, rating) VALUES ('9', '9', '3');
INSERT INTO user_ratings (user_id, recipe_id, rating) VALUES ('10', '10', '5');
INSERT INTO user_ratings (user_id, recipe_id, rating) VALUES ('11', '11', '4');
INSERT INTO user_ratings (user_id, recipe_id, rating) VALUES ('12', '12', '3');
INSERT INTO user_ratings (user_id, recipe_id, rating) VALUES ('13', '13', '5');
INSERT INTO user_ratings (user_id, recipe_id, rating) VALUES ('14', '14', '4');
INSERT INTO user_ratings (user_id, recipe_id, rating) VALUES ('15', '15', '3');
INSERT INTO user_ratings (user_id, recipe_id, rating) VALUES ('16', '16', '5');
INSERT INTO user_ratings (user_id, recipe_id, rating) VALUES ('17', '17', '4');
INSERT INTO user_ratings (user_id, recipe_id, rating) VALUES ('18', '18', '3');
INSERT INTO user_ratings (user_id, recipe_id, rating) VALUES ('19', '19', '5');
INSERT INTO user_ratings (user_id, recipe_id, rating) VALUES ('20', '20', '4');
INSERT INTO user_ratings (user_id, recipe_id, rating) VALUES ('21', '21', '3');
INSERT INTO user_ratings (user_id, recipe_id, rating) VALUES ('22', '22', '5');
INSERT INTO user_ratings (user_id, recipe_id, rating) VALUES ('23', '23', '4');
INSERT INTO user_ratings (user_id, recipe_id, rating) VALUES ('24', '24', '3');
INSERT INTO user_ratings (user_id, recipe_id, rating) VALUES ('25', '25', '5');
INSERT INTO user_ratings (user_id, recipe_id, rating) VALUES ('26', '26', '4');
INSERT INTO user_ratings (user_id, recipe_id, rating) VALUES ('27', '27', '3');
INSERT INTO user_ratings (user_id, recipe_id, rating) VALUES ('28', '28', '5');
INSERT INTO user_ratings (user_id, recipe_id, rating) VALUES ('29', '29', '4');
INSERT INTO user_ratings (user_id, recipe_id, rating) VALUES ('30', '30', '3');
INSERT INTO user_ratings (user_id, recipe_id, rating) VALUES ('31', '31', '5');
INSERT INTO user_ratings (user_id, recipe_id, rating) VALUES ('32', '32', '4');
INSERT INTO user_ratings (user_id, recipe_id, rating) VALUES ('33', '33', '3');
INSERT INTO user_ratings (user_id, recipe_id, rating) VALUES ('34', '34', '5');
INSERT INTO user_ratings (user_id, recipe_id, rating) VALUES ('35', '35', '4');
INSERT INTO user_ratings (user_id, recipe_id, rating) VALUES ('36', '36', '3');
INSERT INTO user_ratings (user_id, recipe_id, rating) VALUES ('37', '37', '5');
INSERT INTO user_ratings (user_id, recipe_id, rating) VALUES ('38', '38', '4');
INSERT INTO user_ratings (user_id, recipe_id, rating) VALUES ('39', '39', '3');
INSERT INTO user_ratings (user_id, recipe_id, rating) VALUES ('40', '40', '5');
INSERT INTO user_ratings (user_id, recipe_id, rating) VALUES ('41', '1', '4');
INSERT INTO user_ratings (user_id, recipe_id, rating) VALUES ('42', '2', '3');
INSERT INTO user_ratings (user_id, recipe_id, rating) VALUES ('43', '3', '5');
INSERT INTO user_ratings (user_id, recipe_id, rating) VALUES ('44', '4', '4');
INSERT INTO user_ratings (user_id, recipe_id, rating) VALUES ('45', '5', '3');
INSERT INTO user_ratings (user_id, recipe_id, rating) VALUES ('46', '6', '5');
INSERT INTO user_ratings (user_id, recipe_id, rating) VALUES ('47', '7', '4');
INSERT INTO user_ratings (user_id, recipe_id, rating) VALUES ('48', '8', '3');
INSERT INTO user_ratings (user_id, recipe_id, rating) VALUES ('49', '9', '5');
INSERT INTO user_ratings (user_id, recipe_id, rating) VALUES ('50', '10', '4');
INSERT INTO user_ratings (user_id, recipe_id, rating) VALUES ('51', '11', '3');
INSERT INTO user_ratings (user_id, recipe_id, rating) VALUES ('52', '12', '5');
INSERT INTO user_ratings (user_id, recipe_id, rating) VALUES ('53', '13', '4');
INSERT INTO user_ratings (user_id, recipe_id, rating) VALUES ('54', '14', '3');
INSERT INTO user_ratings (user_id, recipe_id, rating) VALUES ('55', '15', '5');
INSERT INTO user_ratings (user_id, recipe_id, rating) VALUES ('56', '16', '4');
INSERT INTO user_ratings (user_id, recipe_id, rating) VALUES ('57', '17', '3');
INSERT INTO user_ratings (user_id, recipe_id, rating) VALUES ('58', '18', '5');
INSERT INTO user_ratings (user_id, recipe_id, rating) VALUES ('59', '19', '4');
INSERT INTO user_ratings (user_id, recipe_id, rating) VALUES ('60', '20', '3');
INSERT INTO user_ratings (user_id, recipe_id, rating) VALUES ('61', '21', '4');
INSERT INTO user_ratings (user_id, recipe_id, rating) VALUES ('62', '22', '3');
INSERT INTO user_ratings (user_id, recipe_id, rating) VALUES ('63', '23', '5');
INSERT INTO user_ratings (user_id, recipe_id, rating) VALUES ('64', '24', '4');
INSERT INTO user_ratings (user_id, recipe_id, rating) VALUES ('65', '25', '3');
INSERT INTO user_ratings (user_id, recipe_id, rating) VALUES ('66', '26', '5');
INSERT INTO user_ratings (user_id, recipe_id, rating) VALUES ('67', '27', '4');
INSERT INTO user_ratings (user_id, recipe_id, rating) VALUES ('68', '28', '3');
INSERT INTO user_ratings (user_id, recipe_id, rating) VALUES ('69', '29', '5');
INSERT INTO user_ratings (user_id, recipe_id, rating) VALUES ('70', '30', '4');
INSERT INTO user_ratings (user_id, recipe_id, rating) VALUES ('71', '31', '3');
INSERT INTO user_ratings (user_id, recipe_id, rating) VALUES ('72', '32', '5');
INSERT INTO user_ratings (user_id, recipe_id, rating) VALUES ('73', '33', '4');
INSERT INTO user_ratings (user_id, recipe_id, rating) VALUES ('74', '34', '3');
INSERT INTO user_ratings (user_id, recipe_id, rating) VALUES ('75', '35', '5');
INSERT INTO user_ratings (user_id, recipe_id, rating) VALUES ('76', '36', '4');
INSERT INTO user_ratings (user_id, recipe_id, rating) VALUES ('77', '37', '3');
INSERT INTO user_ratings (user_id, recipe_id, rating) VALUES ('78', '38', '5');
INSERT INTO user_ratings (user_id, recipe_id, rating) VALUES ('79', '39', '4');
INSERT INTO user_ratings (user_id, recipe_id, rating) VALUES ('80', '40', '3');
INSERT INTO user_ratings (user_id, recipe_id, rating) VALUES ('81', '1', '4');
INSERT INTO user_ratings (user_id, recipe_id, rating) VALUES ('82', '2', '3');
INSERT INTO user_ratings (user_id, recipe_id, rating) VALUES ('83', '3', '5');
INSERT INTO user_ratings (user_id, recipe_id, rating) VALUES ('84', '4', '4');
INSERT INTO user_ratings (user_id, recipe_id, rating) VALUES ('85', '5', '3');
INSERT INTO user_ratings (user_id, recipe_id, rating) VALUES ('86', '6', '5');
INSERT INTO user_ratings (user_id, recipe_id, rating) VALUES ('87', '7', '4');
INSERT INTO user_ratings (user_id, recipe_id, rating) VALUES ('88', '8', '3');
INSERT INTO user_ratings (user_id, recipe_id, rating) VALUES ('89', '9', '5');
INSERT INTO user_ratings (user_id, recipe_id, rating) VALUES ('90', '10', '4');
INSERT INTO user_ratings (user_id, recipe_id, rating) VALUES ('91', '11', '3');
INSERT INTO user_ratings (user_id, recipe_id, rating) VALUES ('92', '12', '5');
INSERT INTO user_ratings (user_id, recipe_id, rating) VALUES ('93', '13', '4');
INSERT INTO user_ratings (user_id, recipe_id, rating) VALUES ('94', '14', '3');
INSERT INTO user_ratings (user_id, recipe_id, rating) VALUES ('95', '15', '5');
INSERT INTO user_ratings (user_id, recipe_id, rating) VALUES ('96', '16', '4');
INSERT INTO user_ratings (user_id, recipe_id, rating) VALUES ('97', '17', '3');
INSERT INTO user_ratings (user_id, recipe_id, rating) VALUES ('98', '18', '5');
INSERT INTO user_ratings (user_id, recipe_id, rating) VALUES ('99', '19', '4');
INSERT INTO user_ratings (user_id, recipe_id, rating) VALUES ('100', '20', '3');
INSERT INTO user_ratings (user_id, recipe_id, rating) VALUES ('1', '2', '5');
INSERT INTO user_ratings (user_id, recipe_id, rating) VALUES ('2', '3', '4');
INSERT INTO user_ratings (user_id, recipe_id, rating) VALUES ('3', '3', '3');
INSERT INTO user_ratings (user_id, recipe_id, rating) VALUES ('4', '2', '5');
INSERT INTO user_ratings (user_id, recipe_id, rating) VALUES ('1', '1', '5');
INSERT INTO user_ratings (user_id, recipe_id, rating) VALUES ('7', '7', '7');
INSERT INTO user_ratings (user_id, recipe_id, rating) VALUES ('3', '3', '3');
INSERT INTO user_ratings (user_id, recipe_id, rating) VALUES ('4', '2', '5');
INSERT INTO user_ratings (user_id, recipe_id, rating) VALUES ('3', '3', '3');
INSERT INTO user_ratings (user_id, recipe_id, rating) VALUES ('2', '3', '4');
INSERT INTO user_ratings (user_id, recipe_id, rating) VALUES ('1', '2', '5');
INSERT INTO user_ratings (user_id, recipe_id, rating) VALUES ('2', '3', '4');
INSERT INTO recipe_prep_times (recipe_id, prep_time, cook_time, total_time) VALUES ('1', '15', '30', '45');
INSERT INTO recipe_prep_times (recipe_id, prep_time, cook_time, total_time) VALUES ('2', '10', '40', '50');
INSERT INTO recipe_prep_times (recipe_id, prep_time, cook_time, total_time) VALUES ('3', '20', '35', '55');
INSERT INTO recipe_prep_times (recipe_id, prep_time, cook_time, total_time) VALUES ('4', '15', '45', '60');
INSERT INTO recipe_prep_times (recipe_id, prep_time, cook_time, total_time) VALUES ('5', '10', '50', '60');
INSERT INTO recipe_prep_times (recipe_id, prep_time, cook_time, total_time) VALUES ('6', '10', '30', '40');
INSERT INTO recipe_prep_times (recipe_id, prep_time, cook_time, total_time) VALUES ('7', '15', '35', '50');
INSERT INTO recipe_prep_times (recipe_id, prep_time, cook_time, total_time) VALUES ('8', '20', '40', '60');
INSERT INTO recipe_prep_times (recipe_id, prep_time, cook_time, total_time) VALUES ('9', '10', '35', '45');
INSERT INTO recipe_prep_times (recipe_id, prep_time, cook_time, total_time) VALUES ('10', '15', '45', '60');
INSERT INTO recipe_prep_times (recipe_id, prep_time, cook_time, total_time) VALUES ('11', '10', '30', '40');
INSERT INTO recipe_prep_times (recipe_id, prep_time, cook_time, total_time) VALUES ('12', '20', '35', '55');
INSERT INTO recipe_prep_times (recipe_id, prep_time, cook_time, total_time) VALUES ('13', '15', '50', '65');
INSERT INTO recipe_prep_times (recipe_id, prep_time, cook_time, total_time) VALUES ('14', '10', '40', '50');
INSERT INTO recipe_prep_times (recipe_id, prep_time, cook_time, total_time) VALUES ('15', '20', '45', '65');
INSERT INTO recipe_prep_times (recipe_id, prep_time, cook_time, total_time) VALUES ('16', '10', '35', '45');
INSERT INTO recipe_prep_times (recipe_id, prep_time, cook_time, total_time) VALUES ('17', '15', '30', '45');
INSERT INTO recipe_prep_times (recipe_id, prep_time, cook_time, total_time) VALUES ('18', '15', '40', '55');
INSERT INTO recipe_prep_times (recipe_id, prep_time, cook_time, total_time) VALUES ('19', '20', '50', '70');
INSERT INTO recipe_prep_times (recipe_id, prep_time, cook_time, total_time) VALUES ('20', '10', '45', '55');
INSERT INTO recipe_prep_times (recipe_id, prep_time, cook_time, total_time) VALUES ('21', '15', '35', '50');
INSERT INTO recipe_prep_times (recipe_id, prep_time, cook_time, total_time) VALUES ('22', '20', '40', '60');
INSERT INTO recipe_prep_times (recipe_id, prep_time, cook_time, total_time) VALUES ('23', '10', '30', '40');
INSERT INTO recipe_prep_times (recipe_id, prep_time, cook_time, total_time) VALUES ('24', '20', '45', '65');
INSERT INTO recipe_prep_times (recipe_id, prep_time, cook_time, total_time) VALUES ('25', '15', '50', '65');
INSERT INTO recipe_prep_times (recipe_id, prep_time, cook_time, total_time) VALUES ('26', '10', '35', '45');
INSERT INTO recipe_prep_times (recipe_id, prep_time, cook_time, total_time) VALUES ('27', '15', '30', '45');
INSERT INTO recipe_prep_times (recipe_id, prep_time, cook_time, total_time) VALUES ('28', '10', '45', '55');
INSERT INTO recipe_prep_times (recipe_id, prep_time, cook_time, total_time) VALUES ('29', '20', '35', '55');
INSERT INTO recipe_prep_times (recipe_id, prep_time, cook_time, total_time) VALUES ('30', '15', '40', '55');
INSERT INTO recipe_prep_times (recipe_id, prep_time, cook_time, total_time) VALUES ('30', '20', '50', '70');
INSERT INTO recipe_prep_times (recipe_id, prep_time, cook_time, total_time) VALUES ('31', '10', '35', '45');
INSERT INTO recipe_prep_times (recipe_id, prep_time, cook_time, total_time) VALUES ('32', '15', '30', '45');
INSERT INTO recipe_prep_times (recipe_id, prep_time, cook_time, total_time) VALUES ('33', '10', '40', '50');
INSERT INTO recipe_prep_times (recipe_id, prep_time, cook_time, total_time) VALUES ('34', '20', '45', '65');
INSERT INTO recipe_prep_times (recipe_id, prep_time, cook_time, total_time) VALUES ('35', '15', '50', '65');
INSERT INTO recipe_prep_times (recipe_id, prep_time, cook_time, total_time) VALUES ('36', '10', '35', '45');
INSERT INTO recipe_prep_times (recipe_id, prep_time, cook_time, total_time) VALUES ('37', '15', '30', '45');
INSERT INTO recipe_prep_times (recipe_id, prep_time, cook_time, total_time) VALUES ('38', '10', '45', '55');
INSERT INTO recipe_prep_times (recipe_id, prep_time, cook_time, total_time) VALUES ('39', '20', '35', '55');
INSERT INTO recipe_prep_times (recipe_id, prep_time, cook_time, total_time) VALUES ('40', '15', '40', '55');
INSERT INTO recipe_prep_times (recipe_id, prep_time, cook_time, total_time) VALUES ('40', '15', '40', '55');
INSERT INTO recipe_prep_times (recipe_id, prep_time, cook_time, total_time) VALUES ('41', '10', '30', '40');
INSERT INTO recipe_prep_times (recipe_id, prep_time, cook_time, total_time) VALUES ('42', '20', '35', '55');
INSERT INTO recipe_prep_times (recipe_id, prep_time, cook_time, total_time) VALUES ('43', '15', '45', '60');
INSERT INTO recipe_prep_times (recipe_id, prep_time, cook_time, total_time) VALUES ('44', '20', '50', '70');
INSERT INTO recipe_prep_times (recipe_id, prep_time, cook_time, total_time) VALUES ('45', '10', '35', '45');
INSERT INTO recipe_prep_times (recipe_id, prep_time, cook_time, total_time) VALUES ('46', '15', '30', '45');
INSERT INTO recipe_prep_times (recipe_id, prep_time, cook_time, total_time) VALUES ('47', '10', '40', '50');
INSERT INTO recipe_prep_times (recipe_id, prep_time, cook_time, total_time) VALUES ('48', '20', '45', '65');
INSERT INTO recipe_prep_times (recipe_id, prep_time, cook_time, total_time) VALUES ('49', '15', '50', '65');
INSERT INTO recipe_prep_times (recipe_id, prep_time, cook_time, total_time) VALUES ('50', '10', '35', '45');
INSERT INTO recipe_prep_times (recipe_id, prep_time, cook_time, total_time) VALUES ('51', '15', '35', '50');
INSERT INTO recipe_prep_times (recipe_id, prep_time, cook_time, total_time) VALUES ('52', '20', '45', '65');
INSERT INTO recipe_prep_times (recipe_id, prep_time, cook_time, total_time) VALUES ('53', '10', '40', '50');
INSERT INTO recipe_prep_times (recipe_id, prep_time, cook_time, total_time) VALUES ('54', '15', '30', '45');
INSERT INTO recipe_prep_times (recipe_id, prep_time, cook_time, total_time) VALUES ('55', '10', '45', '55');
INSERT INTO recipe_prep_times (recipe_id, prep_time, cook_time, total_time) VALUES ('56', '20', '35', '55');
INSERT INTO recipe_prep_times (recipe_id, prep_time, cook_time, total_time) VALUES ('57', '15', '40', '55');
INSERT INTO recipe_prep_times (recipe_id, prep_time, cook_time, total_time) VALUES ('58', '10', '30', '40');
INSERT INTO recipe_prep_times (recipe_id, prep_time, cook_time, total_time) VALUES ('59', '15', '45', '60');
INSERT INTO recipe_prep_times (recipe_id, prep_time, cook_time, total_time) VALUES ('60', '20', '50', '70');
INSERT INTO recipe_prep_times (recipe_id, prep_time, cook_time, total_time) VALUES ('61', '10', '35', '45');
INSERT INTO recipe_prep_times (recipe_id, prep_time, cook_time, total_time) VALUES ('62', '15', '30', '45');
INSERT INTO recipe_prep_times (recipe_id, prep_time, cook_time, total_time) VALUES ('63', '10', '40', '50');
INSERT INTO recipe_prep_times (recipe_id, prep_time, cook_time, total_time) VALUES ('64', '20', '45', '65');
INSERT INTO recipe_prep_times (recipe_id, prep_time, cook_time, total_time) VALUES ('65', '15', '50', '65');
INSERT INTO recipe_prep_times (recipe_id, prep_time, cook_time, total_time) VALUES ('66', '10', '35', '45');
INSERT INTO recipe_prep_times (recipe_id, prep_time, cook_time, total_time) VALUES ('67', '15', '30', '45');
INSERT INTO recipe_prep_times (recipe_id, prep_time, cook_time, total_time) VALUES ('68', '10', '45', '55');
INSERT INTO recipe_prep_times (recipe_id, prep_time, cook_time, total_time) VALUES ('69', '20', '35', '55');
INSERT INTO recipe_prep_times (recipe_id, prep_time, cook_time, total_time) VALUES ('70', '15', '40', '55');
INSERT INTO recipe_servings (recipe_id, servings, serving_size) VALUES ('1', '4', '1 slice');
INSERT INTO recipe_servings (recipe_id, servings, serving_size) VALUES ('2', '2', '1 bowl');
INSERT INTO recipe_servings (recipe_id, servings, serving_size) VALUES ('3', '6', '1 plate');
INSERT INTO recipe_servings (recipe_id, servings, serving_size) VALUES ('4', '3', '1 piece');
INSERT INTO recipe_servings (recipe_id, servings, serving_size) VALUES ('5', '4', '1 bowl');
INSERT INTO recipe_servings (recipe_id, servings, serving_size) VALUES ('6', '2', '1 plate');
INSERT INTO recipe_servings (recipe_id, servings, serving_size) VALUES ('7', '5', '1 serving');
INSERT INTO recipe_servings (recipe_id, servings, serving_size) VALUES ('8', '4', '1 piece');
INSERT INTO recipe_servings (recipe_id, servings, serving_size) VALUES ('9', '3', '1 plate');
INSERT INTO recipe_servings (recipe_id, servings, serving_size) VALUES ('10', '6', '1 bowl');
INSERT INTO recipe_servings (recipe_id, servings, serving_size) VALUES ('11', '4', '1 serving');
INSERT INTO recipe_servings (recipe_id, servings, serving_size) VALUES ('12', '2', '1 piece');
INSERT INTO recipe_servings (recipe_id, servings, serving_size) VALUES ('13', '3', '1 slice');
INSERT INTO recipe_servings (recipe_id, servings, serving_size) VALUES ('14', '5', '1 serving');
INSERT INTO recipe_servings (recipe_id, servings, serving_size) VALUES ('15', '4', '1 plate');
INSERT INTO recipe_servings (recipe_id, servings, serving_size) VALUES ('16', '2', '1 piece');
INSERT INTO recipe_servings (recipe_id, servings, serving_size) VALUES ('17', '3', '1 serving');
INSERT INTO recipe_servings (recipe_id, servings, serving_size) VALUES ('18', '6', '1 plate');
INSERT INTO recipe_servings (recipe_id, servings, serving_size) VALUES ('19', '4', '1 bowl');
INSERT INTO recipe_servings (recipe_id, servings, serving_size) VALUES ('20', '5', '1 slice');
INSERT INTO recipe_servings (recipe_id, servings, serving_size) VALUES ('21', '2', '1 serving');
INSERT INTO recipe_servings (recipe_id, servings, serving_size) VALUES ('22', '4', '1 piece');
INSERT INTO recipe_servings (recipe_id, servings, serving_size) VALUES ('23', '5', '1 plate');
INSERT INTO recipe_servings (recipe_id, servings, serving_size) VALUES ('24', '3', '1 bowl');
INSERT INTO recipe_servings (recipe_id, servings, serving_size) VALUES ('25', '6', '1 serving');
INSERT INTO recipe_servings (recipe_id, servings, serving_size) VALUES ('26', '2', '1 piece');
INSERT INTO recipe_servings (recipe_id, servings, serving_size) VALUES ('27', '4', '1 bowl');
INSERT INTO recipe_servings (recipe_id, servings, serving_size) VALUES ('28', '5', '1 plate');
INSERT INTO recipe_servings (recipe_id, servings, serving_size) VALUES ('29', '3', '1 serving');
INSERT INTO recipe_servings (recipe_id, servings, serving_size) VALUES ('30', '4', '1 slice');
INSERT INTO recipe_servings (recipe_id, servings, serving_size) VALUES ('31', '4', '1 bowl');
INSERT INTO recipe_servings (recipe_id, servings, serving_size) VALUES ('32', '3', '1 plate');
INSERT INTO recipe_servings (recipe_id, servings, serving_size) VALUES ('33', '5', '1 serving');
INSERT INTO recipe_servings (recipe_id, servings, serving_size) VALUES ('34', '2', '1 piece');
INSERT INTO recipe_servings (recipe_id, servings, serving_size) VALUES ('35', '3', '1 slice');
INSERT INTO recipe_servings (recipe_id, servings, serving_size) VALUES ('36', '6', '1 serving');
INSERT INTO recipe_servings (recipe_id, servings, serving_size) VALUES ('37', '4', '1 bowl');
INSERT INTO recipe_servings (recipe_id, servings, serving_size) VALUES ('38', '5', '1 plate');
INSERT INTO recipe_servings (recipe_id, servings, serving_size) VALUES ('39', '3', '1 serving');
INSERT INTO recipe_servings (recipe_id, servings, serving_size) VALUES ('40', '4', '1 slice');
INSERT INTO recipe_servings (recipe_id, servings, serving_size) VALUES ('41', '2', '1 serving');
INSERT INTO recipe_servings (recipe_id, servings, serving_size) VALUES ('42', '4', '1 piece');
INSERT INTO recipe_servings (recipe_id, servings, serving_size) VALUES ('43', '5', '1 plate');
INSERT INTO recipe_servings (recipe_id, servings, serving_size) VALUES ('44', '3', '1 bowl');
INSERT INTO recipe_servings (recipe_id, servings, serving_size) VALUES ('45', '6', '1 serving');
INSERT INTO recipe_servings (recipe_id, servings, serving_size) VALUES ('46', '2', '1 piece');
INSERT INTO recipe_servings (recipe_id, servings, serving_size) VALUES ('47', '4', '1 bowl');
INSERT INTO recipe_servings (recipe_id, servings, serving_size) VALUES ('48', '5', '1 plate');
INSERT INTO recipe_servings (recipe_id, servings, serving_size) VALUES ('49', '3', '1 serving');
INSERT INTO recipe_servings (recipe_id, servings, serving_size) VALUES ('50', '4', '1 slice');
INSERT INTO recipe_servings (recipe_id, servings, serving_size) VALUES ('51', '2', '1 serving');
INSERT INTO recipe_servings (recipe_id, servings, serving_size) VALUES ('52', '4', '1 piece');
INSERT INTO recipe_servings (recipe_id, servings, serving_size) VALUES ('53', '5', '1 plate');
INSERT INTO recipe_servings (recipe_id, servings, serving_size) VALUES ('54', '3', '1 bowl');
INSERT INTO recipe_servings (recipe_id, servings, serving_size) VALUES ('55', '6', '1 serving');
INSERT INTO recipe_servings (recipe_id, servings, serving_size) VALUES ('56', '2', '1 piece');
INSERT INTO recipe_servings (recipe_id, servings, serving_size) VALUES ('57', '4', '1 bowl');
INSERT INTO recipe_servings (recipe_id, servings, serving_size) VALUES ('58', '5', '1 plate');
INSERT INTO recipe_servings (recipe_id, servings, serving_size) VALUES ('59', '3', '1 serving');
INSERT INTO recipe_servings (recipe_id, servings, serving_size) VALUES ('60', '4', '1 slice');
INSERT INTO recipe_servings (recipe_id, servings, serving_size) VALUES ('61', '4', '1 bowl');
INSERT INTO recipe_servings (recipe_id, servings, serving_size) VALUES ('62', '3', '1 plate');
INSERT INTO recipe_servings (recipe_id, servings, serving_size) VALUES ('63', '5', '1 serving');
INSERT INTO recipe_servings (recipe_id, servings, serving_size) VALUES ('64', '2', '1 piece');
INSERT INTO recipe_servings (recipe_id, servings, serving_size) VALUES ('65', '3', '1 slice');
INSERT INTO recipe_servings (recipe_id, servings, serving_size) VALUES ('66', '6', '1 serving');
INSERT INTO recipe_servings (recipe_id, servings, serving_size) VALUES ('67', '4', '1 bowl');
INSERT INTO recipe_servings (recipe_id, servings, serving_size) VALUES ('68', '5', '1 plate');
INSERT INTO recipe_servings (recipe_id, servings, serving_size) VALUES ('69', '3', '1 serving');
INSERT INTO recipe_servings (recipe_id, servings, serving_size) VALUES ('70', '4', '1 slice');
INSERT INTO recipe_dietary_labels (recipe_id, dietary_label) VALUES ('1', 'Vegetarian');
INSERT INTO recipe_dietary_labels (recipe_id, dietary_label) VALUES ('2', 'Vegan');
INSERT INTO recipe_dietary_labels (recipe_id, dietary_label) VALUES ('3', 'Gluten-Free');
INSERT INTO recipe_dietary_labels (recipe_id, dietary_label) VALUES ('4', 'Low Carb');
INSERT INTO recipe_dietary_labels (recipe_id, dietary_label) VALUES ('5', 'Dairy-Free');
INSERT INTO recipe_dietary_labels (recipe_id, dietary_label) VALUES ('6', 'Keto');
INSERT INTO recipe_dietary_labels (recipe_id, dietary_label) VALUES ('7', 'Paleo');
INSERT INTO recipe_dietary_labels (recipe_id, dietary_label) VALUES ('8', 'Vegetarian');
INSERT INTO recipe_dietary_labels (recipe_id, dietary_label) VALUES ('9', 'Vegan');
INSERT INTO recipe_dietary_labels (recipe_id, dietary_label) VALUES ('10', 'Gluten-Free');
INSERT INTO recipe_dietary_labels (recipe_id, dietary_label) VALUES ('11', 'Low Carb');
INSERT INTO recipe_dietary_labels (recipe_id, dietary_label) VALUES ('12', 'Dairy-Free');
INSERT INTO recipe_dietary_labels (recipe_id, dietary_label) VALUES ('13', 'Keto');
INSERT INTO recipe_dietary_labels (recipe_id, dietary_label) VALUES ('14', 'Paleo');
INSERT INTO recipe_dietary_labels (recipe_id, dietary_label) VALUES ('15', 'Vegetarian');
INSERT INTO recipe_dietary_labels (recipe_id, dietary_label) VALUES ('16', 'Vegan');
INSERT INTO recipe_dietary_labels (recipe_id, dietary_label) VALUES ('17', 'Gluten-Free');
INSERT INTO recipe_dietary_labels (recipe_id, dietary_label) VALUES ('18', 'Low Carb');
INSERT INTO recipe_dietary_labels (recipe_id, dietary_label) VALUES ('19', 'Dairy-Free');
INSERT INTO recipe_dietary_labels (recipe_id, dietary_label) VALUES ('20', 'Keto');
INSERT INTO recipe_dietary_labels (recipe_id, dietary_label) VALUES ('21', 'Paleo');
INSERT INTO recipe_dietary_labels (recipe_id, dietary_label) VALUES ('22', 'Vegetarian');
INSERT INTO recipe_dietary_labels (recipe_id, dietary_label) VALUES ('23', 'Vegan');
INSERT INTO recipe_dietary_labels (recipe_id, dietary_label) VALUES ('24', 'Gluten-Free');
INSERT INTO recipe_dietary_labels (recipe_id, dietary_label) VALUES ('25', 'Low Carb');
INSERT INTO recipe_dietary_labels (recipe_id, dietary_label) VALUES ('26', 'Dairy-Free');
INSERT INTO recipe_dietary_labels (recipe_id, dietary_label) VALUES ('27', 'Keto');
INSERT INTO recipe_dietary_labels (recipe_id, dietary_label) VALUES ('28', 'Paleo');
INSERT INTO recipe_dietary_labels (recipe_id, dietary_label) VALUES ('29', 'Vegetarian');
INSERT INTO recipe_dietary_labels (recipe_id, dietary_label) VALUES ('30', 'Vegan');
INSERT INTO recipe_dietary_labels (recipe_id, dietary_label) VALUES ('31', 'Dairy-Free');
INSERT INTO recipe_dietary_labels (recipe_id, dietary_label) VALUES ('32', 'Keto');
INSERT INTO recipe_dietary_labels (recipe_id, dietary_label) VALUES ('33', 'Paleo');
INSERT INTO recipe_dietary_labels (recipe_id, dietary_label) VALUES ('34', 'Vegetarian');
INSERT INTO recipe_dietary_labels (recipe_id, dietary_label) VALUES ('35', 'Vegan');
INSERT INTO recipe_dietary_labels (recipe_id, dietary_label) VALUES ('36', 'Gluten-Free');
INSERT INTO recipe_dietary_labels (recipe_id, dietary_label) VALUES ('37', 'Low Carb');
INSERT INTO recipe_dietary_labels (recipe_id, dietary_label) VALUES ('38', 'Dairy-Free');
INSERT INTO recipe_dietary_labels (recipe_id, dietary_label) VALUES ('39', 'Keto');
INSERT INTO recipe_dietary_labels (recipe_id, dietary_label) VALUES ('40', 'Paleo');
INSERT INTO recipe_dietary_labels (recipe_id, dietary_label) VALUES ('41', 'Vegetarian');
INSERT INTO recipe_dietary_labels (recipe_id, dietary_label) VALUES ('42', 'Vegan');
INSERT INTO recipe_dietary_labels (recipe_id, dietary_label) VALUES ('43', 'Gluten-Free');
INSERT INTO recipe_dietary_labels (recipe_id, dietary_label) VALUES ('44', 'Low Carb');
INSERT INTO recipe_dietary_labels (recipe_id, dietary_label) VALUES ('45', 'Dairy-Free');
INSERT INTO recipe_dietary_labels (recipe_id, dietary_label) VALUES ('46', 'Keto');
INSERT INTO recipe_dietary_labels (recipe_id, dietary_label) VALUES ('47', 'Paleo');
INSERT INTO recipe_dietary_labels (recipe_id, dietary_label) VALUES ('48', 'Vegetarian');
INSERT INTO recipe_dietary_labels (recipe_id, dietary_label) VALUES ('49', 'Vegan');
INSERT INTO recipe_dietary_labels (recipe_id, dietary_label) VALUES ('50', 'Gluten-Free');
INSERT INTO recipe_dietary_labels (recipe_id, dietary_label) VALUES ('51', 'Low Carb');
INSERT INTO recipe_dietary_labels (recipe_id, dietary_label) VALUES ('52', 'Dairy-Free');
INSERT INTO recipe_dietary_labels (recipe_id, dietary_label) VALUES ('53', 'Keto');
INSERT INTO recipe_dietary_labels (recipe_id, dietary_label) VALUES ('54', 'Paleo');
INSERT INTO recipe_dietary_labels (recipe_id, dietary_label) VALUES ('55', 'Vegetarian');
INSERT INTO recipe_dietary_labels (recipe_id, dietary_label) VALUES ('56', 'Vegan');
INSERT INTO recipe_dietary_labels (recipe_id, dietary_label) VALUES ('57', 'Gluten-Free');
INSERT INTO recipe_dietary_labels (recipe_id, dietary_label) VALUES ('58', 'Low Carb');
INSERT INTO recipe_dietary_labels (recipe_id, dietary_label) VALUES ('59', 'Dairy-Free');
INSERT INTO recipe_dietary_labels (recipe_id, dietary_label) VALUES ('60', 'Keto');
INSERT INTO recipe_dietary_labels (recipe_id, dietary_label) VALUES ('61', 'Paleo');
INSERT INTO recipe_dietary_labels (recipe_id, dietary_label) VALUES ('62', 'Vegetarian');
INSERT INTO recipe_dietary_labels (recipe_id, dietary_label) VALUES ('63', 'Vegan');
INSERT INTO recipe_dietary_labels (recipe_id, dietary_label) VALUES ('64', 'Gluten-Free');
INSERT INTO recipe_dietary_labels (recipe_id, dietary_label) VALUES ('65', 'Low Carb');
INSERT INTO recipe_dietary_labels (recipe_id, dietary_label) VALUES ('66', 'Dairy-Free');
INSERT INTO recipe_dietary_labels (recipe_id, dietary_label) VALUES ('67', 'Keto');
INSERT INTO recipe_dietary_labels (recipe_id, dietary_label) VALUES ('68', 'Paleo');
INSERT INTO recipe_dietary_labels (recipe_id, dietary_label) VALUES ('69', 'Vegetarian');
INSERT INTO recipe_dietary_labels (recipe_id, dietary_label) VALUES ('70', 'Vegan');
INSERT INTO recipe_videos (recipe_id, video_url) VALUES ('1', 'https://www.youtube.com/watch?v=abc123');
INSERT INTO recipe_videos (recipe_id, video_url) VALUES ('2', 'https://www.youtube.com/watch?v=def456');
INSERT INTO recipe_videos (recipe_id, video_url) VALUES ('3', 'https://www.youtube.com/watch?v=ghi789');
INSERT INTO recipe_videos (recipe_id, video_url) VALUES ('4', 'https://www.youtube.com/watch?v=jkl012');
INSERT INTO recipe_videos (recipe_id, video_url) VALUES ('5', 'https://www.youtube.com/watch?v=mno345');
INSERT INTO recipe_videos (recipe_id, video_url) VALUES ('6', 'https://www.youtube.com/watch?v=pqr678');
INSERT INTO recipe_videos (recipe_id, video_url) VALUES ('7', 'https://www.youtube.com/watch?v=stu901');
INSERT INTO recipe_videos (recipe_id, video_url) VALUES ('8', 'https://www.youtube.com/watch?v=vwxyz0');
INSERT INTO recipe_videos (recipe_id, video_url) VALUES ('9', 'https://www.youtube.com/watch?v=123abc');
INSERT INTO recipe_videos (recipe_id, video_url) VALUES ('10', 'https://www.youtube.com/watch?v=456def');
INSERT INTO recipe_videos (recipe_id, video_url) VALUES ('11', 'https://www.youtube.com/watch?v=789ghi');
INSERT INTO recipe_videos (recipe_id, video_url) VALUES ('12', 'https://www.youtube.com/watch?v=012jkl');
INSERT INTO recipe_videos (recipe_id, video_url) VALUES ('13', 'https://www.youtube.com/watch?v=345mno');
INSERT INTO recipe_videos (recipe_id, video_url) VALUES ('14', 'https://www.youtube.com/watch?v=678pqr');
INSERT INTO recipe_videos (recipe_id, video_url) VALUES ('15', 'https://www.youtube.com/watch?v=901stu');
INSERT INTO recipe_videos (recipe_id, video_url) VALUES ('16', 'https://www.youtube.com/watch?v=xyzvw');
INSERT INTO recipe_videos (recipe_id, video_url) VALUES ('17', 'https://www.youtube.com/watch?v=abc123');
INSERT INTO recipe_videos (recipe_id, video_url) VALUES ('18', 'https://www.youtube.com/watch?v=def456');
INSERT INTO recipe_videos (recipe_id, video_url) VALUES ('19', 'https://www.youtube.com/watch?v=ghi789');
INSERT INTO recipe_videos (recipe_id, video_url) VALUES ('20', 'https://www.youtube.com/watch?v=jkl012');
INSERT INTO recipe_videos (recipe_id, video_url) VALUES ('21', 'https://www.youtube.com/watch?v=mno345');
INSERT INTO recipe_videos (recipe_id, video_url) VALUES ('22', 'https://www.youtube.com/watch?v=pqr678');
INSERT INTO recipe_videos (recipe_id, video_url) VALUES ('23', 'https://www.youtube.com/watch?v=stu901');
INSERT INTO recipe_videos (recipe_id, video_url) VALUES ('24', 'https://www.youtube.com/watch?v=vwxyz0');
INSERT INTO recipe_videos (recipe_id, video_url) VALUES ('25', 'https://www.youtube.com/watch?v=123abc');
INSERT INTO recipe_videos (recipe_id, video_url) VALUES ('26', 'https://www.youtube.com/watch?v=456def');
INSERT INTO recipe_videos (recipe_id, video_url) VALUES ('27', 'https://www.youtube.com/watch?v=789ghi');
INSERT INTO recipe_videos (recipe_id, video_url) VALUES ('28', 'https://www.youtube.com/watch?v=012jkl');
INSERT INTO recipe_videos (recipe_id, video_url) VALUES ('29', 'https://www.youtube.com/watch?v=345mno');
INSERT INTO recipe_videos (recipe_id, video_url) VALUES ('30', 'https://www.youtube.com/watch?v=678pqr');
INSERT INTO recipe_videos (recipe_id, video_url) VALUES ('31', 'https://www.youtube.com/watch?v=uvw123');
INSERT INTO recipe_videos (recipe_id, video_url) VALUES ('32', 'https://www.youtube.com/watch?v=xyz456');
INSERT INTO recipe_videos (recipe_id, video_url) VALUES ('33', 'https://www.youtube.com/watch?v=abc789');
INSERT INTO recipe_videos (recipe_id, video_url) VALUES ('34', 'https://www.youtube.com/watch?v=def012');
INSERT INTO recipe_videos (recipe_id, video_url) VALUES ('35', 'https://www.youtube.com/watch?v=ghi345');
INSERT INTO recipe_videos (recipe_id, video_url) VALUES ('36', 'https://www.youtube.com/watch?v=jkl678');
INSERT INTO recipe_videos (recipe_id, video_url) VALUES ('37', 'https://www.youtube.com/watch?v=mno901');
INSERT INTO recipe_videos (recipe_id, video_url) VALUES ('38', 'https://www.youtube.com/watch?v=pqr234');
INSERT INTO recipe_videos (recipe_id, video_url) VALUES ('39', 'https://www.youtube.com/watch?v=stu567');
INSERT INTO recipe_videos (recipe_id, video_url) VALUES ('40', 'https://www.youtube.com/watch?v=vwxyz8');
INSERT INTO recipe_videos (recipe_id, video_url) VALUES ('41', 'https://www.youtube.com/watch?v=123abc9');
INSERT INTO recipe_videos (recipe_id, video_url) VALUES ('42', 'https://www.youtube.com/watch?v=456def7');
INSERT INTO recipe_videos (recipe_id, video_url) VALUES ('43', 'https://www.youtube.com/watch?v=789gh5i');
INSERT INTO recipe_videos (recipe_id, video_url) VALUES ('44', 'https://www.youtube.com/watch?v=012jkl4');
INSERT INTO recipe_videos (recipe_id, video_url) VALUES ('45', 'https://www.youtube.com/watch?v=345mno3');
INSERT INTO recipe_videos (recipe_id, video_url) VALUES ('46', 'https://www.youtube.com/watch?v=678pqr2');
INSERT INTO recipe_videos (recipe_id, video_url) VALUES ('47', 'https://www.youtube.com/watch?v=901stu1');
INSERT INTO recipe_videos (recipe_id, video_url) VALUES ('48', 'https://www.youtube.com/watch?v=xyzvw0');
INSERT INTO recipe_videos (recipe_id, video_url) VALUES ('49', 'https://www.youtube.com/watch?v=uvw123');
INSERT INTO recipe_videos (recipe_id, video_url) VALUES ('50', 'https://www.youtube.com/watch?v=xyz456');
INSERT INTO recipe_videos (recipe_id, video_url) VALUES ('51', 'https://www.youtube.com/watch?v=abc789');
INSERT INTO recipe_videos (recipe_id, video_url) VALUES ('52', 'https://www.youtube.com/watch?v=def012');
INSERT INTO recipe_videos (recipe_id, video_url) VALUES ('53', 'https://www.youtube.com/watch?v=ghi345');
INSERT INTO recipe_videos (recipe_id, video_url) VALUES ('54', 'https://www.youtube.com/watch?v=jkl678');
INSERT INTO recipe_videos (recipe_id, video_url) VALUES ('55', 'https://www.youtube.com/watch?v=mno901');
INSERT INTO recipe_videos (recipe_id, video_url) VALUES ('56', 'https://www.youtube.com/watch?v=pqr234');
INSERT INTO recipe_videos (recipe_id, video_url) VALUES ('57', 'https://www.youtube.com/watch?v=stu567');
INSERT INTO recipe_videos (recipe_id, video_url) VALUES ('58', 'https://www.youtube.com/watch?v=vwxyz8');
INSERT INTO recipe_videos (recipe_id, video_url) VALUES ('59', 'https://www.youtube.com/watch?v=123abc9');
INSERT INTO recipe_videos (recipe_id, video_url) VALUES ('60', 'https://www.youtube.com/watch?v=456def7');
INSERT INTO recipe_videos (recipe_id, video_url) VALUES ('61', 'https://www.youtube.com/watch?v=vwxyz8');
INSERT INTO recipe_videos (recipe_id, video_url) VALUES ('62', 'https://www.youtube.com/watch?v=123abc9');
INSERT INTO recipe_videos (recipe_id, video_url) VALUES ('63', 'https://www.youtube.com/watch?v=456def7');
INSERT INTO recipe_videos (recipe_id, video_url) VALUES ('64', 'https://www.youtube.com/watch?v=789gh5i');
INSERT INTO recipe_videos (recipe_id, video_url) VALUES ('65', 'https://www.youtube.com/watch?v=012jkl4');
INSERT INTO recipe_videos (recipe_id, video_url) VALUES ('66', 'https://www.youtube.com/watch?v=345mno3');
INSERT INTO recipe_videos (recipe_id, video_url) VALUES ('67', 'https://www.youtube.com/watch?v=678pqr2');
INSERT INTO recipe_videos (recipe_id, video_url) VALUES ('68', 'https://www.youtube.com/watch?v=901stu1');
INSERT INTO recipe_videos (recipe_id, video_url) VALUES ('69', 'https://www.youtube.com/watch?v=xyzvw0');
INSERT INTO recipe_videos (recipe_id, video_url) VALUES ('70', 'https://www.youtube.com/watch?v=xyzvw');
INSERT INTO recipe_sources (recipe_id, source_name, source_url) VALUES ('1', 'Cooking Magazine', 'https://www.cookingmagazine.com/recipe1');
INSERT INTO recipe_sources (recipe_id, source_name, source_url) VALUES ('2', 'Food Network', 'https://www.foodnetwork.com/recipe2');
INSERT INTO recipe_sources (recipe_id, source_name, source_url) VALUES ('3', 'Allrecipes', 'https://www.allrecipes.com/recipe3');
INSERT INTO recipe_sources (recipe_id, source_name, source_url) VALUES ('4', 'Epicurious', 'https://www.epicurious.com/recipe4');
INSERT INTO recipe_sources (recipe_id, source_name, source_url) VALUES ('5', 'Tasty', 'https://www.tasty.com/recipe5');
INSERT INTO recipe_sources (recipe_id, source_name, source_url) VALUES ('6', 'Bon Appétit', 'https://www.bonappetit.com/recipe6');
INSERT INTO recipe_sources (recipe_id, source_name, source_url) VALUES ('7', 'Cooking Light', 'https://www.cookinglight.com/recipe7');
INSERT INTO recipe_sources (recipe_id, source_name, source_url) VALUES ('8', 'Food & Wine', 'https://www.foodandwine.com/recipe8');
INSERT INTO recipe_sources (recipe_id, source_name, source_url) VALUES ('9', 'Serious Eats', 'https://www.seriouseats.com/recipe9');
INSERT INTO recipe_sources (recipe_id, source_name, source_url) VALUES ('10', 'Delish', 'https://www.delish.com/recipe10');
INSERT INTO recipe_sources (recipe_id, source_name, source_url) VALUES ('11', 'Cooking Magazine', 'https://www.cookingmagazine.com/recipe11');
INSERT INTO recipe_sources (recipe_id, source_name, source_url) VALUES ('12', 'Food Network', 'https://www.foodnetwork.com/recipe12');
INSERT INTO recipe_sources (recipe_id, source_name, source_url) VALUES ('13', 'Allrecipes', 'https://www.allrecipes.com/recipe13');
INSERT INTO recipe_sources (recipe_id, source_name, source_url) VALUES ('14', 'Epicurious', 'https://www.epicurious.com/recipe14');
INSERT INTO recipe_sources (recipe_id, source_name, source_url) VALUES ('15', 'Tasty', 'https://www.tasty.com/recipe15');
INSERT INTO recipe_sources (recipe_id, source_name, source_url) VALUES ('16', 'Bon Appétit', 'https://www.bonappetit.com/recipe16');
INSERT INTO recipe_sources (recipe_id, source_name, source_url) VALUES ('17', 'Cooking Light', 'https://www.cookinglight.com/recipe17');
INSERT INTO recipe_sources (recipe_id, source_name, source_url) VALUES ('18', 'Food & Wine', 'https://www.foodandwine.com/recipe18');
INSERT INTO recipe_sources (recipe_id, source_name, source_url) VALUES ('19', 'Serious Eats', 'https://www.seriouseats.com/recipe19');
INSERT INTO recipe_sources (recipe_id, source_name, source_url) VALUES ('20', 'Delish', 'https://www.delish.com/recipe20');
INSERT INTO recipe_sources (recipe_id, source_name, source_url) VALUES ('21', 'Cooking Magazine', 'https://www.cookingmagazine.com/recipe21');
INSERT INTO recipe_sources (recipe_id, source_name, source_url) VALUES ('22', 'Food Network', 'https://www.foodnetwork.com/recipe22');
INSERT INTO recipe_sources (recipe_id, source_name, source_url) VALUES ('23', 'Allrecipes', 'https://www.allrecipes.com/recipe23');
INSERT INTO recipe_sources (recipe_id, source_name, source_url) VALUES ('24', 'Epicurious', 'https://www.epicurious.com/recipe24');
INSERT INTO recipe_sources (recipe_id, source_name, source_url) VALUES ('25', 'Tasty', 'https://www.tasty.com/recipe25');
INSERT INTO recipe_sources (recipe_id, source_name, source_url) VALUES ('26', 'Bon Appétit', 'https://www.bonappetit.com/recipe26');
INSERT INTO recipe_sources (recipe_id, source_name, source_url) VALUES ('27', 'Cooking Light', 'https://www.cookinglight.com/recipe27');
INSERT INTO recipe_sources (recipe_id, source_name, source_url) VALUES ('28', 'Food & Wine', 'https://www.foodandwine.com/recipe28');
INSERT INTO recipe_sources (recipe_id, source_name, source_url) VALUES ('29', 'Serious Eats', 'https://www.seriouseats.com/recipe29');
INSERT INTO recipe_sources (recipe_id, source_name, source_url) VALUES ('30', 'Delish', 'https://www.delish.com/recipe30');
INSERT INTO recipe_sources (recipe_id, source_name, source_url) VALUES ('31', 'Cooking Light', 'https://www.cookinglight.com/recipe31');
INSERT INTO recipe_sources (recipe_id, source_name, source_url) VALUES ('32', 'Food & Wine', 'https://www.foodandwine.com/recipe32');
INSERT INTO recipe_sources (recipe_id, source_name, source_url) VALUES ('33', 'Serious Eats', 'https://www.seriouseats.com/recipe33');
INSERT INTO recipe_sources (recipe_id, source_name, source_url) VALUES ('34', 'Delish', 'https://www.delish.com/recipe34');
INSERT INTO recipe_sources (recipe_id, source_name, source_url) VALUES ('35', 'Cooking Magazine', 'https://www.cookingmagazine.com/recipe35');
INSERT INTO recipe_sources (recipe_id, source_name, source_url) VALUES ('36', 'Food Network', 'https://www.foodnetwork.com/recipe36');
INSERT INTO recipe_sources (recipe_id, source_name, source_url) VALUES ('37', 'Allrecipes', 'https://www.allrecipes.com/recipe37');
INSERT INTO recipe_sources (recipe_id, source_name, source_url) VALUES ('38', 'Epicurious', 'https://www.epicurious.com/recipe38');
INSERT INTO recipe_sources (recipe_id, source_name, source_url) VALUES ('39', 'Tasty', 'https://www.tasty.com/recipe39');
INSERT INTO recipe_sources (recipe_id, source_name, source_url) VALUES ('40', 'Bon Appétit', 'https://www.bonappetit.com/recipe40');
INSERT INTO recipe_sources (recipe_id, source_name, source_url) VALUES ('41', 'Cooking Light', 'https://www.cookinglight.com/recipe41');
INSERT INTO recipe_sources (recipe_id, source_name, source_url) VALUES ('42', 'Food & Wine', 'https://www.foodandwine.com/recipe42');
INSERT INTO recipe_sources (recipe_id, source_name, source_url) VALUES ('43', 'Serious Eats', 'https://www.seriouseats.com/recipe43');
INSERT INTO recipe_sources (recipe_id, source_name, source_url) VALUES ('44', 'Delish', 'https://www.delish.com/recipe44');
INSERT INTO recipe_sources (recipe_id, source_name, source_url) VALUES ('45', 'Cooking Magazine', 'https://www.cookingmagazine.com/recipe45');
INSERT INTO recipe_sources (recipe_id, source_name, source_url) VALUES ('46', 'Food Network', 'https://www.foodnetwork.com/recipe46');
INSERT INTO recipe_sources (recipe_id, source_name, source_url) VALUES ('47', 'Allrecipes', 'https://www.allrecipes.com/recipe47');
INSERT INTO recipe_sources (recipe_id, source_name, source_url) VALUES ('48', 'Epicurious', 'https://www.epicurious.com/recipe48');
INSERT INTO recipe_sources (recipe_id, source_name, source_url) VALUES ('49', 'Tasty', 'https://www.tasty.com/recipe49');
INSERT INTO recipe_sources (recipe_id, source_name, source_url) VALUES ('50', 'Bon Appétit', 'https://www.bonappetit.com/recipe50');
INSERT INTO recipe_sources (recipe_id, source_name, source_url) VALUES ('51', 'Cooking Light', 'https://www.cookinglight.com/recipe51');
INSERT INTO recipe_sources (recipe_id, source_name, source_url) VALUES ('52', 'Food & Wine', 'https://www.foodandwine.com/recipe52');
INSERT INTO recipe_sources (recipe_id, source_name, source_url) VALUES ('53', 'Serious Eats', 'https://www.seriouseats.com/recipe53');
INSERT INTO recipe_sources (recipe_id, source_name, source_url) VALUES ('54', 'Delish', 'https://www.delish.com/recipe54');
INSERT INTO recipe_sources (recipe_id, source_name, source_url) VALUES ('55', 'Cooking Magazine', 'https://www.cookingmagazine.com/recipe55');
INSERT INTO recipe_sources (recipe_id, source_name, source_url) VALUES ('56', 'Food Network', 'https://www.foodnetwork.com/recipe56');
INSERT INTO recipe_sources (recipe_id, source_name, source_url) VALUES ('57', 'Allrecipes', 'https://www.allrecipes.com/recipe57');
INSERT INTO recipe_sources (recipe_id, source_name, source_url) VALUES ('58', 'Epicurious', 'https://www.epicurious.com/recipe58');
INSERT INTO recipe_sources (recipe_id, source_name, source_url) VALUES ('59', 'Tasty', 'https://www.tasty.com/recipe59');
INSERT INTO recipe_sources (recipe_id, source_name, source_url) VALUES ('60', 'Bon Appétit', 'https://www.bonappetit.com/recipe60');
INSERT INTO recipe_sources (recipe_id, source_name, source_url) VALUES ('61', 'Cooking Light', 'https://www.cookinglight.com/recipe61');
INSERT INTO recipe_sources (recipe_id, source_name, source_url) VALUES ('62', 'Food & Wine', 'https://www.foodandwine.com/recipe62');
INSERT INTO recipe_sources (recipe_id, source_name, source_url) VALUES ('63', 'Serious Eats', 'https://www.seriouseats.com/recipe63');
INSERT INTO recipe_sources (recipe_id, source_name, source_url) VALUES ('64', 'Delish', 'https://www.delish.com/recipe64');
INSERT INTO recipe_sources (recipe_id, source_name, source_url) VALUES ('65', 'Cooking Magazine', 'https://www.cookingmagazine.com/recipe65');
INSERT INTO recipe_sources (recipe_id, source_name, source_url) VALUES ('66', 'Food Network', 'https://www.foodnetwork.com/recipe66');
INSERT INTO recipe_sources (recipe_id, source_name, source_url) VALUES ('67', 'Allrecipes', 'https://www.allrecipes.com/recipe67');
INSERT INTO recipe_sources (recipe_id, source_name, source_url) VALUES ('68', 'Epicurious', 'https://www.epicurious.com/recipe68');
INSERT INTO recipe_sources (recipe_id, source_name, source_url) VALUES ('69', 'Tasty', 'https://www.tasty.com/recipe69');
INSERT INTO recipe_sources (recipe_id, source_name, source_url) VALUES ('70', 'Bon Appétit', 'https://www.bonappetit.com/recipe70');
INSERT INTO recipe_notes (recipe_id, note_id, note_text) VALUES ('1', '1', 'This recipe is great for family gatherings.');
INSERT INTO recipe_notes (recipe_id, note_id, note_text) VALUES ('2', '2', 'Don''t forget to preheat the oven to 350°F.');
INSERT INTO recipe_notes (recipe_id, note_id, note_text) VALUES ('3', '3', 'You can substitute spinach for kale if you prefer.');
INSERT INTO recipe_notes (recipe_id, note_id, note_text) VALUES ('4', '4', 'Adjust the spice level to your taste.');
INSERT INTO recipe_notes (recipe_id, note_id, note_text) VALUES ('5', '5', 'A simple and delicious dessert for any occasion.');
INSERT INTO recipe_notes (recipe_id, note_id, note_text) VALUES ('6', '6', 'Try adding a squeeze of lemon juice for extra flavor.');
INSERT INTO recipe_notes (recipe_id, note_id, note_text) VALUES ('7', '7', 'Perfect for a quick weeknight dinner.');
INSERT INTO recipe_notes (recipe_id, note_id, note_text) VALUES ('8', '8', 'Serve with a side of garlic bread.');
INSERT INTO recipe_notes (recipe_id, note_id, note_text) VALUES ('9', '9', 'Add extra veggies for a healthier option.');
INSERT INTO recipe_notes (recipe_id, note_id, note_text) VALUES ('10', '10', 'Pairs well with a glass of red wine.');
INSERT INTO recipe_notes (recipe_id, note_id, note_text) VALUES ('11', '11', 'Great for meal prep; store leftovers in the fridge.');
INSERT INTO recipe_notes (recipe_id, note_id, note_text) VALUES ('12', '12', 'Top with grated Parmesan cheese before serving.');
INSERT INTO recipe_notes (recipe_id, note_id, note_text) VALUES ('13', '13', 'A classic comfort food recipe.');
INSERT INTO recipe_notes (recipe_id, note_id, note_text) VALUES ('14', '14', 'Perfect for brunch with friends.');
INSERT INTO recipe_notes (recipe_id, note_id, note_text) VALUES ('15', '15', 'Use fresh herbs for the best flavor.');
INSERT INTO recipe_notes (recipe_id, note_id, note_text) VALUES ('16', '16', 'A crowd-pleaser at any potluck.');
INSERT INTO recipe_notes (recipe_id, note_id, note_text) VALUES ('17', '17', 'This recipe is gluten-free and vegan.');
INSERT INTO recipe_notes (recipe_id, note_id, note_text) VALUES ('18', '18', 'Don''t overcook the pasta; al dente is key.');
INSERT INTO recipe_notes (recipe_id, note_id, note_text) VALUES ('19', '19', 'Marinate the meat overnight for maximum flavor.');
INSERT INTO recipe_notes (recipe_id, note_id, note_text) VALUES ('20', '20', 'Garnish with chopped cilantro and lime wedges.');
INSERT INTO recipe_notes (recipe_id, note_id, note_text) VALUES ('21', '21', 'A hearty dish for cold winter nights.');
INSERT INTO recipe_notes (recipe_id, note_id, note_text) VALUES ('22', '22', 'Adjust the sweetness with honey or maple syrup.');
INSERT INTO recipe_notes (recipe_id, note_id, note_text) VALUES ('23', '23', 'Use a cast-iron skillet for the best results.');
INSERT INTO recipe_notes (recipe_id, note_id, note_text) VALUES ('24', '24', 'Perfect for a summer barbecue.');
INSERT INTO recipe_notes (recipe_id, note_id, note_text) VALUES ('25', '25', 'Pairs well with a side of coleslaw.');
INSERT INTO recipe_notes (recipe_id, note_id, note_text) VALUES ('26', '26', 'Try different cheese varieties for variety.');
INSERT INTO recipe_notes (recipe_id, note_id, note_text) VALUES ('27', '27', 'This recipe is a family favorite.');
INSERT INTO recipe_notes (recipe_id, note_id, note_text) VALUES ('28', '28', 'Serve with a scoop of vanilla ice cream.');
INSERT INTO recipe_notes (recipe_id, note_id, note_text) VALUES ('29', '29', 'A delicious and healthy option for lunch.');
INSERT INTO recipe_notes (recipe_id, note_id, note_text) VALUES ('30', '30', 'Don''t forget to chill before serving.');
INSERT INTO recipe_notes (recipe_id, note_id, note_text) VALUES ('31', '31', 'A classic recipe loved by many.');
INSERT INTO recipe_notes (recipe_id, note_id, note_text) VALUES ('32', '32', 'Try adding a sprinkle of paprika for color.');
INSERT INTO recipe_notes (recipe_id, note_id, note_text) VALUES ('33', '33', 'Perfect for a summer picnic.');
INSERT INTO recipe_notes (recipe_id, note_id, note_text) VALUES ('34', '34', 'Serve with a side of fresh fruit.');
INSERT INTO recipe_notes (recipe_id, note_id, note_text) VALUES ('35', '35', 'Add a drizzle of balsamic glaze for extra flavor.');
INSERT INTO recipe_notes (recipe_id, note_id, note_text) VALUES ('36', '36', 'Don''t forget to season with salt and pepper.');
INSERT INTO recipe_notes (recipe_id, note_id, note_text) VALUES ('37', '37', 'A great recipe for a weeknight dinner.');
INSERT INTO recipe_notes (recipe_id, note_id, note_text) VALUES ('38', '38', 'Pair with a glass of Chardonnay.');
INSERT INTO recipe_notes (recipe_id, note_id, note_text) VALUES ('39', '39', 'Top with chopped chives before serving.');
INSERT INTO recipe_notes (recipe_id, note_id, note_text) VALUES ('40', '40', 'This recipe is versatile; customize it to your liking.');
INSERT INTO recipe_notes (recipe_id, note_id, note_text) VALUES ('41', '41', 'A delicious twist on a classic dish.');
INSERT INTO recipe_notes (recipe_id, note_id, note_text) VALUES ('42', '42', 'Try it with different types of pasta.');
INSERT INTO recipe_notes (recipe_id, note_id, note_text) VALUES ('43', '43', 'Perfect for a potluck or barbecue.');
INSERT INTO recipe_notes (recipe_id, note_id, note_text) VALUES ('44', '44', 'Add a pinch of red pepper flakes for heat.');
INSERT INTO recipe_notes (recipe_id, note_id, note_text) VALUES ('45', '45', 'A family-favorite recipe.');
INSERT INTO recipe_notes (recipe_id, note_id, note_text) VALUES ('46', '46', 'Serve with a side salad for a complete meal.');
INSERT INTO recipe_notes (recipe_id, note_id, note_text) VALUES ('47', '47', 'Don''t overcook the vegetables; they should be crisp.');
INSERT INTO recipe_notes (recipe_id, note_id, note_text) VALUES ('48', '48', 'A great option for vegetarians.');
INSERT INTO recipe_notes (recipe_id, note_id, note_text) VALUES ('49', '49', 'Garnish with fresh parsley for freshness.');
INSERT INTO recipe_notes (recipe_id, note_id, note_text) VALUES ('50', '50', 'A recipe that''s easy to make ahead of time.');
INSERT INTO recipe_notes (recipe_id, note_id, note_text) VALUES ('51', '51', 'Try it with whole-grain bread for a healthier version.');
INSERT INTO recipe_notes (recipe_id, note_id, note_text) VALUES ('52', '52', 'Great for a weekend brunch with friends.');
INSERT INTO recipe_notes (recipe_id, note_id, note_text) VALUES ('53', '53', 'Adjust the sweetness to your preference.');
INSERT INTO recipe_notes (recipe_id, note_id, note_text) VALUES ('54', '54', 'Serve with a scoop of vanilla ice cream.');
INSERT INTO recipe_notes (recipe_id, note_id, note_text) VALUES ('55', '55', 'A delightful dessert for any occasion.');
INSERT INTO recipe_notes (recipe_id, note_id, note_text) VALUES ('56', '56', 'Don''t skip the step of marinating the meat.');
INSERT INTO recipe_notes (recipe_id, note_id, note_text) VALUES ('57', '57', 'A comforting recipe for cold days.');
INSERT INTO recipe_notes (recipe_id, note_id, note_text) VALUES ('58', '58', 'Pairs well with a glass of red wine.');
INSERT INTO recipe_notes (recipe_id, note_id, note_text) VALUES ('59', '59', 'Top with grated Parmesan cheese before serving.');
INSERT INTO recipe_notes (recipe_id, note_id, note_text) VALUES ('60', '60', 'A classic recipe with a modern twist.');
INSERT INTO recipe_notes (recipe_id, note_id, note_text) VALUES ('61', '61', 'This dish is perfect for family gatherings.');
INSERT INTO recipe_notes (recipe_id, note_id, note_text) VALUES ('62', '62', 'Don''t forget to preheat the oven.');
INSERT INTO recipe_notes (recipe_id, note_id, note_text) VALUES ('63', '63', 'A recipe that kids will love.');
INSERT INTO recipe_notes (recipe_id, note_id, note_text) VALUES ('64', '64', 'Serve with a side of garlic bread.');
INSERT INTO recipe_notes (recipe_id, note_id, note_text) VALUES ('65', '65', 'Perfect for a quick weeknight dinner.');
INSERT INTO recipe_notes (recipe_id, note_id, note_text) VALUES ('66', '66', 'Pairs well with a side of mashed potatoes.');
INSERT INTO recipe_notes (recipe_id, note_id, note_text) VALUES ('67', '67', 'Add extra vegetables for a healthier option.');
INSERT INTO recipe_notes (recipe_id, note_id, note_text) VALUES ('68', '68', 'Try it with different spices for variety.');
INSERT INTO recipe_notes (recipe_id, note_id, note_text) VALUES ('69', '69', 'A favorite recipe from our kitchen.');
INSERT INTO recipe_notes (recipe_id, note_id, note_text) VALUES ('70', '70', 'Enjoy this meal with loved ones.');
INSERT INTO user_dietary_preferences (user_id, dietary_preference) VALUES ('1', 'Vegetarian');
INSERT INTO user_dietary_preferences (user_id, dietary_preference) VALUES ('2', 'Gluten-Free');
INSERT INTO user_dietary_preferences (user_id, dietary_preference) VALUES ('3', 'Vegan');
INSERT INTO user_dietary_preferences (user_id, dietary_preference) VALUES ('4', 'Pescatarian');
INSERT INTO user_dietary_preferences (user_id, dietary_preference) VALUES ('5', 'Low-Carb');
INSERT INTO user_dietary_preferences (user_id, dietary_preference) VALUES ('6', 'Keto');
INSERT INTO user_dietary_preferences (user_id, dietary_preference) VALUES ('7', 'Paleo');
INSERT INTO user_dietary_preferences (user_id, dietary_preference) VALUES ('8', 'Dairy-Free');
INSERT INTO user_dietary_preferences (user_id, dietary_preference) VALUES ('9', 'Nut-Free');
INSERT INTO user_dietary_preferences (user_id, dietary_preference) VALUES ('10', 'Lactose-Free');
INSERT INTO user_dietary_preferences (user_id, dietary_preference) VALUES ('11', 'Mediterranean');
INSERT INTO user_dietary_preferences (user_id, dietary_preference) VALUES ('12', 'Whole30');
INSERT INTO user_dietary_preferences (user_id, dietary_preference) VALUES ('13', 'Flexitarian');
INSERT INTO user_dietary_preferences (user_id, dietary_preference) VALUES ('14', 'Ovo-Vegetarian');
INSERT INTO user_dietary_preferences (user_id, dietary_preference) VALUES ('15', 'Pegan');
INSERT INTO user_dietary_preferences (user_id, dietary_preference) VALUES ('16', 'Raw');
INSERT INTO user_dietary_preferences (user_id, dietary_preference) VALUES ('17', 'Low-Fat');
INSERT INTO user_dietary_preferences (user_id, dietary_preference) VALUES ('18', 'High-Protein');
INSERT INTO user_dietary_preferences (user_id, dietary_preference) VALUES ('19', 'Low-Sodium');
INSERT INTO user_dietary_preferences (user_id, dietary_preference) VALUES ('20', 'Ketotarian');
INSERT INTO user_dietary_preferences (user_id, dietary_preference) VALUES ('21', 'Carnivore');
INSERT INTO user_dietary_preferences (user_id, dietary_preference) VALUES ('22', 'Fruitarian');
INSERT INTO user_dietary_preferences (user_id, dietary_preference) VALUES ('23', 'Balanced');
INSERT INTO user_dietary_preferences (user_id, dietary_preference) VALUES ('24', 'Other');
INSERT INTO user_dietary_preferences (user_id, dietary_preference) VALUES ('25', 'Vegan');
INSERT INTO user_dietary_preferences (user_id, dietary_preference) VALUES ('26', 'Gluten-Free');
INSERT INTO user_dietary_preferences (user_id, dietary_preference) VALUES ('27', 'Vegetarian');
INSERT INTO user_dietary_preferences (user_id, dietary_preference) VALUES ('28', 'Pescatarian');
INSERT INTO user_dietary_preferences (user_id, dietary_preference) VALUES ('29', 'Lactose-Free');
INSERT INTO user_dietary_preferences (user_id, dietary_preference) VALUES ('30', 'Pescatarian');
INSERT INTO user_dietary_preferences (user_id, dietary_preference) VALUES ('31', 'Keto');
INSERT INTO user_dietary_preferences (user_id, dietary_preference) VALUES ('32', 'Pescatarian');
INSERT INTO user_dietary_preferences (user_id, dietary_preference) VALUES ('33', 'Vegan');
INSERT INTO user_dietary_preferences (user_id, dietary_preference) VALUES ('34', 'Flexitarian');
INSERT INTO user_dietary_preferences (user_id, dietary_preference) VALUES ('35', 'Low-Carb');
INSERT INTO user_dietary_preferences (user_id, dietary_preference) VALUES ('36', 'Vegetarian');
INSERT INTO user_dietary_preferences (user_id, dietary_preference) VALUES ('37', 'Gluten-Free');
INSERT INTO user_dietary_preferences (user_id, dietary_preference) VALUES ('38', 'Paleo');
INSERT INTO user_dietary_preferences (user_id, dietary_preference) VALUES ('39', 'Ovo-Vegetarian');
INSERT INTO user_dietary_preferences (user_id, dietary_preference) VALUES ('40', 'Lactose-Free');
INSERT INTO user_dietary_preferences (user_id, dietary_preference) VALUES ('41', 'Mediterranean');
INSERT INTO user_dietary_preferences (user_id, dietary_preference) VALUES ('42', 'Ketotarian');
INSERT INTO user_dietary_preferences (user_id, dietary_preference) VALUES ('43', 'High-Protein');
INSERT INTO user_dietary_preferences (user_id, dietary_preference) VALUES ('44', 'Low-Sodium');
INSERT INTO user_dietary_preferences (user_id, dietary_preference) VALUES ('45', 'Carnivore');
INSERT INTO user_dietary_preferences (user_id, dietary_preference) VALUES ('46', 'Raw');
INSERT INTO user_dietary_preferences (user_id, dietary_preference) VALUES ('47', 'Balanced');
INSERT INTO user_dietary_preferences (user_id, dietary_preference) VALUES ('48', 'Vegetarian');
INSERT INTO user_dietary_preferences (user_id, dietary_preference) VALUES ('49', 'Gluten-Free');
INSERT INTO user_dietary_preferences (user_id, dietary_preference) VALUES ('50', 'Vegan');
INSERT INTO user_dietary_preferences (user_id, dietary_preference) VALUES ('51', 'Pescatarian');
INSERT INTO user_dietary_preferences (user_id, dietary_preference) VALUES ('52', 'Low-Carb');
INSERT INTO user_dietary_preferences (user_id, dietary_preference) VALUES ('53', 'Keto');
INSERT INTO user_dietary_preferences (user_id, dietary_preference) VALUES ('54', 'Paleo');
INSERT INTO user_dietary_preferences (user_id, dietary_preference) VALUES ('55', 'Dairy-Free');
INSERT INTO user_dietary_preferences (user_id, dietary_preference) VALUES ('56', 'Nut-Free');
INSERT INTO user_dietary_preferences (user_id, dietary_preference) VALUES ('57', 'Lactose-Free');
INSERT INTO user_dietary_preferences (user_id, dietary_preference) VALUES ('58', 'Mediterranean');
INSERT INTO user_dietary_preferences (user_id, dietary_preference) VALUES ('59', 'Whole30');
INSERT INTO user_dietary_preferences (user_id, dietary_preference) VALUES ('60', 'Flexitarian');
INSERT INTO user_dietary_preferences (user_id, dietary_preference) VALUES ('61', 'Lactose-Free');
INSERT INTO user_dietary_preferences (user_id, dietary_preference) VALUES ('62', 'Keto');
INSERT INTO user_dietary_preferences (user_id, dietary_preference) VALUES ('63', 'Low-Carb');
INSERT INTO user_dietary_preferences (user_id, dietary_preference) VALUES ('64', 'Mediterranean');
INSERT INTO user_dietary_preferences (user_id, dietary_preference) VALUES ('65', 'Flexitarian');
INSERT INTO user_dietary_preferences (user_id, dietary_preference) VALUES ('66', 'Raw');
INSERT INTO user_dietary_preferences (user_id, dietary_preference) VALUES ('67', 'Balanced');
INSERT INTO user_dietary_preferences (user_id, dietary_preference) VALUES ('68', 'Vegetarian');
INSERT INTO user_dietary_preferences (user_id, dietary_preference) VALUES ('69', 'Gluten-Free');
INSERT INTO user_dietary_preferences (user_id, dietary_preference) VALUES ('70', 'Vegan');
INSERT INTO user_dietary_preferences (user_id, dietary_preference) VALUES ('71', 'Vegetarian');
INSERT INTO user_dietary_preferences (user_id, dietary_preference) VALUES ('72', 'Pescatarian');
INSERT INTO user_dietary_preferences (user_id, dietary_preference) VALUES ('73', 'Low-Carb');
INSERT INTO user_dietary_preferences (user_id, dietary_preference) VALUES ('74', 'Keto');
INSERT INTO user_dietary_preferences (user_id, dietary_preference) VALUES ('75', 'Flexitarian');
INSERT INTO user_dietary_preferences (user_id, dietary_preference) VALUES ('76', 'Raw');
INSERT INTO user_dietary_preferences (user_id, dietary_preference) VALUES ('77', 'Balanced');
INSERT INTO user_dietary_preferences (user_id, dietary_preference) VALUES ('78', 'Vegetarian');
INSERT INTO user_dietary_preferences (user_id, dietary_preference) VALUES ('79', 'Gluten-Free');
INSERT INTO user_dietary_preferences (user_id, dietary_preference) VALUES ('80', 'Vegan');
INSERT INTO user_dietary_preferences (user_id, dietary_preference) VALUES ('81', 'Paleo');
INSERT INTO user_dietary_preferences (user_id, dietary_preference) VALUES ('82', 'Dairy-Free');
INSERT INTO user_dietary_preferences (user_id, dietary_preference) VALUES ('83', 'Nut-Free');
INSERT INTO user_dietary_preferences (user_id, dietary_preference) VALUES ('84', 'Lactose-Free');
INSERT INTO user_dietary_preferences (user_id, dietary_preference) VALUES ('85', 'Mediterranean');
INSERT INTO user_dietary_preferences (user_id, dietary_preference) VALUES ('86', 'Whole30');
INSERT INTO user_dietary_preferences (user_id, dietary_preference) VALUES ('87', 'Flexitarian');
INSERT INTO user_dietary_preferences (user_id, dietary_preference) VALUES ('88', 'Ovo-Vegetarian');
INSERT INTO user_dietary_preferences (user_id, dietary_preference) VALUES ('89', 'Pegan');
INSERT INTO user_dietary_preferences (user_id, dietary_preference) VALUES ('90', 'Raw');
INSERT INTO user_dietary_preferences (user_id, dietary_preference) VALUES ('91', 'Low-Fat');
INSERT INTO user_dietary_preferences (user_id, dietary_preference) VALUES ('92', 'High-Protein');
INSERT INTO user_dietary_preferences (user_id, dietary_preference) VALUES ('93', 'Low-Sodium');
INSERT INTO user_dietary_preferences (user_id, dietary_preference) VALUES ('94', 'Ketotarian');
INSERT INTO user_dietary_preferences (user_id, dietary_preference) VALUES ('95', 'Carnivore');
INSERT INTO user_dietary_preferences (user_id, dietary_preference) VALUES ('96', 'Fruitarian');
INSERT INTO user_dietary_preferences (user_id, dietary_preference) VALUES ('97', 'Balanced');
INSERT INTO user_dietary_preferences (user_id, dietary_preference) VALUES ('98', 'Other');
INSERT INTO user_dietary_preferences (user_id, dietary_preference) VALUES ('99', 'Vegan');
INSERT INTO user_dietary_preferences (user_id, dietary_preference) VALUES ('100', 'Gluten-Free');
INSERT INTO user_profiles (user_id, full_name, email, profile_picture_url, bio) VALUES ('1', 'John Doe', 'john@example.com', 'profile.jpg', 'A bio for John Doe.');
INSERT INTO user_profiles (user_id, full_name, email, profile_picture_url, bio) VALUES ('2', 'Jane Doe', 'jane.doe@example.com', 'https://example.com/profiles/jane.jpg', 'Passionate about healthy cooking.');
INSERT INTO user_profiles (user_id, full_name, email, profile_picture_url, bio) VALUES ('3', 'David Wilson', 'david.wilson@example.com', 'https://example.com/profiles/david.jpg', 'Exploring global cuisines.');
INSERT INTO user_profiles (user_id, full_name, email, profile_picture_url, bio) VALUES ('4', 'Sarah Johnson', 'sarah.johnson@example.com', 'https://example.com/profiles/sarah.jpg', 'Foodie and travel enthusiast.');
INSERT INTO user_profiles (user_id, full_name, email, profile_picture_url, bio) VALUES ('5', 'Michael Brown', 'michael.brown@example.com', 'https://example.com/profiles/michael.jpg', 'Chef at heart.');
INSERT INTO user_profiles (user_id, full_name, email, profile_picture_url, bio) VALUES ('6', 'Emily Davis', 'emily.davis@example.com', 'https://example.com/profiles/emily.jpg', 'Creating culinary masterpieces.');
INSERT INTO user_profiles (user_id, full_name, email, profile_picture_url, bio) VALUES ('7', 'Robert Taylor', 'robert.taylor@example.com', 'https://example.com/profiles/robert.jpg', 'Food explorer and critic.');
INSERT INTO user_profiles (user_id, full_name, email, profile_picture_url, bio) VALUES ('8', 'Jessica Anderson', 'jessica.anderson@example.com', 'https://example.com/profiles/jessica.jpg', 'Sharing recipes and tips.');
INSERT INTO user_profiles (user_id, full_name, email, profile_picture_url, bio) VALUES ('9', 'William Martinez', 'william.martinez@example.com', 'https://example.com/profiles/william.jpg', 'Cooking with love and passion.');
INSERT INTO user_profiles (user_id, full_name, email, profile_picture_url, bio) VALUES ('10', 'Maria Lopez', 'maria.lopez@example.com', 'https://example.com/profiles/maria.jpg', 'Home chef on a culinary journey.');
INSERT INTO user_profiles (user_id, full_name, email, profile_picture_url, bio) VALUES ('11', 'James Lee', 'james.lee@example.com', 'https://example.com/profiles/james.jpg', 'Food enthusiast and blogger.');
INSERT INTO user_profiles (user_id, full_name, email, profile_picture_url, bio) VALUES ('12', 'Jennifer White', 'jennifer.white@example.com', 'https://example.com/profiles/jennifer.jpg', 'Creating delicious memories.');
INSERT INTO user_profiles (user_id, full_name, email, profile_picture_url, bio) VALUES ('13', 'Daniel Harris', 'daniel.harris@example.com', 'https://example.com/profiles/daniel.jpg', 'Chef by choice, foodie by nature.');
INSERT INTO user_profiles (user_id, full_name, email, profile_picture_url, bio) VALUES ('14', 'Sophia Clark', 'sophia.clark@example.com', 'https://example.com/profiles/sophia.jpg', 'Cooking up happiness.');
INSERT INTO user_profiles (user_id, full_name, email, profile_picture_url, bio) VALUES ('15', 'Joseph Turner', 'joseph.turner@example.com', 'https://example.com/profiles/joseph.jpg', 'Exploring the culinary world.');
INSERT INTO user_profiles (user_id, full_name, email, profile_picture_url, bio) VALUES ('16', 'Olivia Hall', 'olivia.hall@example.com', 'https://example.com/profiles/olivia.jpg', 'Food lover and recipe creator.');
INSERT INTO user_profiles (user_id, full_name, email, profile_picture_url, bio) VALUES ('17', 'Matthew Adams', 'matthew.adams@example.com', 'https://example.com/profiles/matthew.jpg', 'Cooking is my art.');
INSERT INTO user_profiles (user_id, full_name, email, profile_picture_url, bio) VALUES ('18', 'Ava Nelson', 'ava.nelson@example.com', 'https://example.com/profiles/ava.jpg', 'Passionate about flavors.');
INSERT INTO user_profiles (user_id, full_name, email, profile_picture_url, bio) VALUES ('19', 'Ethan Baker', 'ethan.baker@example.com', 'https://example.com/profiles/ethan.jpg', 'Food and friends go hand in hand.');
INSERT INTO user_profiles (user_id, full_name, email, profile_picture_url, bio) VALUES ('20', 'Grace Green', 'grace.green@example.com', 'https://example.com/profiles/grace.jpg', 'Savoring life, one dish at a time.');
INSERT INTO user_profiles (user_id, full_name, email, profile_picture_url, bio) VALUES ('21', 'Isabella King', 'isabella.king@example.com', 'https://example.com/profiles/isabella.jpg', 'Cooking with a dash of creativity.');
INSERT INTO user_profiles (user_id, full_name, email, profile_picture_url, bio) VALUES ('22', 'Liam Harris', 'liam.harris@example.com', 'https://example.com/profiles/liam.jpg', 'Food is love, food is life.');
INSERT INTO user_profiles (user_id, full_name, email, profile_picture_url, bio) VALUES ('23', 'Sophia Turner', 'sophia.turner@example.com', 'https://example.com/profiles/sophia.jpg', 'Exploring culinary delights.');
INSERT INTO user_profiles (user_id, full_name, email, profile_picture_url, bio) VALUES ('24', 'Oliver Parker', 'oliver.parker@example.com', 'https://example.com/profiles/oliver.jpg', 'Eating is a necessity, cooking is an art.');
INSERT INTO user_profiles (user_id, full_name, email, profile_picture_url, bio) VALUES ('25', 'Amelia Scott', 'amelia.scott@example.com', 'https://example.com/profiles/amelia.jpg', 'Creating memories with food.');
INSERT INTO user_profiles (user_id, full_name, email, profile_picture_url, bio) VALUES ('26', 'Henry Mitchell', 'henry.mitchell@example.com', 'https://example.com/profiles/henry.jpg', 'Spices and flavors make life exciting.');
INSERT INTO user_profiles (user_id, full_name, email, profile_picture_url, bio) VALUES ('27', 'Elizabeth Lewis', 'elizabeth.lewis@example.com', 'https://example.com/profiles/elizabeth.jpg', 'Cooking up happiness.');
INSERT INTO user_profiles (user_id, full_name, email, profile_picture_url, bio) VALUES ('28', 'Mason Walker', 'mason.walker@example.com', 'https://example.com/profiles/mason.jpg', 'Food enthusiast and recipe creator.');
INSERT INTO user_profiles (user_id, full_name, email, profile_picture_url, bio) VALUES ('29', 'Ella Young', 'ella.young@example.com', 'https://example.com/profiles/ella.jpg', 'Savoring life, one dish at a time.');
INSERT INTO user_profiles (user_id, full_name, email, profile_picture_url, bio) VALUES ('30', 'James Baker', 'james.baker@example.com', 'https://example.com/profiles/james.jpg', 'Cooking is my passion.');
INSERT INTO user_profiles (user_id, full_name, email, profile_picture_url, bio) VALUES ('31', 'William Brown', 'william.brown@example.com', 'https://example.com/profiles/william.jpg', 'Cooking is my passion.');
INSERT INTO user_profiles (user_id, full_name, email, profile_picture_url, bio) VALUES ('32', 'Evelyn Moore', 'evelyn.moore@example.com', 'https://example.com/profiles/evelyn.jpg', 'Food lover and home chef.');
INSERT INTO user_profiles (user_id, full_name, email, profile_picture_url, bio) VALUES ('33', 'Alexander Wilson', 'alexander.wilson@example.com', 'https://example.com/profiles/alexander.jpg', 'Passionate about healthy cooking.');
INSERT INTO user_profiles (user_id, full_name, email, profile_picture_url, bio) VALUES ('34', 'Samantha Davis', 'samantha.davis@example.com', 'https://example.com/profiles/samantha.jpg', 'Exploring global cuisines.');
INSERT INTO user_profiles (user_id, full_name, email, profile_picture_url, bio) VALUES ('35', 'Daniel White', 'daniel.white@example.com', 'https://example.com/profiles/daniel.jpg', 'Foodie and travel enthusiast.');
INSERT INTO user_profiles (user_id, full_name, email, profile_picture_url, bio) VALUES ('36', 'Chloe Harris', 'chloe.harris@example.com', 'https://example.com/profiles/chloe.jpg', 'Chef at heart.');
INSERT INTO user_profiles (user_id, full_name, email, profile_picture_url, bio) VALUES ('37', 'Jacob Turner', 'jacob.turner@example.com', 'https://example.com/profiles/jacob.jpg', 'Creating culinary masterpieces.');
INSERT INTO user_profiles (user_id, full_name, email, profile_picture_url, bio) VALUES ('38', 'Lily Clark', 'lily.clark@example.com', 'https://example.com/profiles/lily.jpg', 'Food explorer and critic.');
INSERT INTO user_profiles (user_id, full_name, email, profile_picture_url, bio) VALUES ('39', 'Matthew Lee', 'matthew.lee@example.com', 'https://example.com/profiles/matthew.jpg', 'Sharing recipes and tips.');
INSERT INTO user_profiles (user_id, full_name, email, profile_picture_url, bio) VALUES ('40', 'Olivia Thomas', 'olivia.thomas@example.com', 'https://example.com/profiles/olivia.jpg', 'Cooking with love and passion.');
INSERT INTO user_profiles (user_id, full_name, email, profile_picture_url, bio) VALUES ('41', 'Aiden Anderson', 'aiden.anderson@example.com', 'https://example.com/profiles/aiden.jpg', 'Home chef on a culinary journey.');
INSERT INTO user_profiles (user_id, full_name, email, profile_picture_url, bio) VALUES ('42', 'Madison Martinez', 'madison.martinez@example.com', 'https://example.com/profiles/madison.jpg', 'Food enthusiast and blogger.');
INSERT INTO user_profiles (user_id, full_name, email, profile_picture_url, bio) VALUES ('43', 'Henry Lewis', 'henry.lewis@example.com', 'https://example.com/profiles/henry.jpg', 'Creating delicious memories.');
INSERT INTO user_profiles (user_id, full_name, email, profile_picture_url, bio) VALUES ('44', 'Emma Turner', 'emma.turner@example.com', 'https://example.com/profiles/emma.jpg', 'Chef by choice, foodie by nature.');
INSERT INTO user_profiles (user_id, full_name, email, profile_picture_url, bio) VALUES ('45', 'Liam Jackson', 'liam.jackson@example.com', 'https://example.com/profiles/liam.jpg', 'Cooking is my art.');
INSERT INTO user_profiles (user_id, full_name, email, profile_picture_url, bio) VALUES ('46', 'Abigail Adams', 'abigail.adams@example.com', 'https://example.com/profiles/abigail.jpg', 'Passionate about flavors.');
INSERT INTO user_profiles (user_id, full_name, email, profile_picture_url, bio) VALUES ('47', 'James Carter', 'james.carter@example.com', 'https://example.com/profiles/james.jpg', 'Food and friends go hand in hand.');
INSERT INTO user_profiles (user_id, full_name, email, profile_picture_url, bio) VALUES ('48', 'Ava Nelson', 'ava.nelson@example.com', 'https://example.com/profiles/ava.jpg', 'Savoring life, one dish at a time.');
INSERT INTO user_profiles (user_id, full_name, email, profile_picture_url, bio) VALUES ('49', 'Ethan Baker', 'ethan.baker@example.com', 'https://example.com/profiles/ethan.jpg', 'Cooking with creativity.');
INSERT INTO user_profiles (user_id, full_name, email, profile_picture_url, bio) VALUES ('50', 'Grace Green', 'grace.green@example.com', 'https://example.com/profiles/grace.jpg', 'Exploring the culinary world.');
INSERT INTO user_profiles (user_id, full_name, email, profile_picture_url, bio) VALUES ('51', 'Sophie Martin', 'sophie.martin@example.com', 'https://example.com/profiles/sophie.jpg', 'Creating culinary delights.');
INSERT INTO user_profiles (user_id, full_name, email, profile_picture_url, bio) VALUES ('52', 'Samuel Turner', 'samuel.turner@example.com', 'https://example.com/profiles/samuel.jpg', 'Eating is a necessity, cooking is an art.');
INSERT INTO user_profiles (user_id, full_name, email, profile_picture_url, bio) VALUES ('53', 'Grace Davis', 'grace.davis@example.com', 'https://example.com/profiles/grace.jpg', 'Creating memories with food.');
INSERT INTO user_profiles (user_id, full_name, email, profile_picture_url, bio) VALUES ('54', 'James Wilson', 'james.wilson@example.com', 'https://example.com/profiles/james.jpg', 'Spices and flavors make life exciting.');
INSERT INTO user_profiles (user_id, full_name, email, profile_picture_url, bio) VALUES ('55', 'Charlotte Scott', 'charlotte.scott@example.com', 'https://example.com/profiles/charlotte.jpg', 'Cooking up happiness.');
INSERT INTO user_profiles (user_id, full_name, email, profile_picture_url, bio) VALUES ('56', 'Benjamin Walker', 'benjamin.walker@example.com', 'https://example.com/profiles/benjamin.jpg', 'Food enthusiast and recipe creator.');
INSERT INTO user_profiles (user_id, full_name, email, profile_picture_url, bio) VALUES ('57', 'Zoe Young', 'zoe.young@example.com', 'https://example.com/profiles/zoe.jpg', 'Savoring life, one dish at a time.');
INSERT INTO user_profiles (user_id, full_name, email, profile_picture_url, bio) VALUES ('58', 'Daniel Baker', 'daniel.baker@example.com', 'https://example.com/profiles/daniel.jpg', 'Cooking is my passion.');
INSERT INTO user_profiles (user_id, full_name, email, profile_picture_url, bio) VALUES ('59', 'Madison Adams', 'madison.adams@example.com', 'https://example.com/profiles/madison.jpg', 'Food lover and home chef.');
INSERT INTO user_profiles (user_id, full_name, email, profile_picture_url, bio) VALUES ('60', 'Oliver Harris', 'oliver.harris@example.com', 'https://example.com/profiles/oliver.jpg', 'Passionate about healthy cooking.');
INSERT INTO user_profiles (user_id, full_name, email, profile_picture_url, bio) VALUES ('61', 'Emma Turner', 'emma.turner@example.com', 'https://example.com/profiles/emma.jpg', 'Exploring global cuisines.');
INSERT INTO user_profiles (user_id, full_name, email, profile_picture_url, bio) VALUES ('62', 'Noah Mitchell', 'noah.mitchell@example.com', 'https://example.com/profiles/noah.jpg', 'Foodie and travel enthusiast.');
INSERT INTO user_profiles (user_id, full_name, email, profile_picture_url, bio) VALUES ('63', 'Ava Thomas', 'ava.thomas@example.com', 'https://example.com/profiles/ava.jpg', 'Chef at heart.');
INSERT INTO user_profiles (user_id, full_name, email, profile_picture_url, bio) VALUES ('64', 'William Martin', 'william.martin@example.com', 'https://example.com/profiles/william.jpg', 'Creating culinary masterpieces.');
INSERT INTO user_profiles (user_id, full_name, email, profile_picture_url, bio) VALUES ('65', 'Sophia Clark', 'sophia.clark@example.com', 'https://example.com/profiles/sophia.jpg', 'Food explorer and critic.');
INSERT INTO user_profiles (user_id, full_name, email, profile_picture_url, bio) VALUES ('66', 'Jackson Lee', 'jackson.lee@example.com', 'https://example.com/profiles/jackson.jpg', 'Sharing recipes and tips.');
INSERT INTO user_profiles (user_id, full_name, email, profile_picture_url, bio) VALUES ('67', 'Scarlett Turner', 'scarlett.turner@example.com', 'https://example.com/profiles/scarlett.jpg', 'Cooking with love and passion.');
INSERT INTO user_profiles (user_id, full_name, email, profile_picture_url, bio) VALUES ('68', 'Ethan Anderson', 'ethan.anderson@example.com', 'https://example.com/profiles/ethan.jpg', 'Home chef on a culinary journey.');
INSERT INTO user_profiles (user_id, full_name, email, profile_picture_url, bio) VALUES ('69', 'Aria Martinez', 'aria.martinez@example.com', 'https://example.com/profiles/aria.jpg', 'Food enthusiast and blogger.');
INSERT INTO user_profiles (user_id, full_name, email, profile_picture_url, bio) VALUES ('70', 'Henry Lewis', 'henry.lewis@example.com', 'https://example.com/profiles/henry.jpg', 'Creating delicious memories.');
INSERT INTO user_profiles (user_id, full_name, email, profile_picture_url, bio) VALUES ('71', 'Olivia Turner', 'olivia.turner@example.com', 'https://example.com/profiles/olivia.jpg', 'Chef by choice, foodie by nature.');
INSERT INTO user_profiles (user_id, full_name, email, profile_picture_url, bio) VALUES ('72', 'Liam Jackson', 'liam.jackson@example.com', 'https://example.com/profiles/liam.jpg', 'Cooking is my art.');
INSERT INTO user_profiles (user_id, full_name, email, profile_picture_url, bio) VALUES ('73', 'Mia Adams', 'mia.adams@example.com', 'https://example.com/profiles/mia.jpg', 'Passionate about flavors.');
INSERT INTO user_profiles (user_id, full_name, email, profile_picture_url, bio) VALUES ('74', 'James Carter', 'james.carter@example.com', 'https://example.com/profiles/james.jpg', 'Food and friends go hand in hand.');
INSERT INTO user_profiles (user_id, full_name, email, profile_picture_url, bio) VALUES ('75', 'Ava Nelson', 'ava.nelson@example.com', 'https://example.com/profiles/ava.jpg', 'Savoring life, one dish at a time.');
INSERT INTO user_profiles (user_id, full_name, email, profile_picture_url, bio) VALUES ('76', 'Ethan Baker', 'ethan.baker@example.com', 'https://example.com/profiles/ethan.jpg', 'Cooking with creativity.');
INSERT INTO user_profiles (user_id, full_name, email, profile_picture_url, bio) VALUES ('77', 'Grace Green', 'grace.green@example.com', 'https://example.com/profiles/grace.jpg', 'Exploring the culinary world.');
INSERT INTO user_profiles (user_id, full_name, email, profile_picture_url, bio) VALUES ('78', 'Liam Mitchell', 'liam.mitchell@example.com', 'https://example.com/profiles/liam.jpg', 'Cooking is my therapy.');
INSERT INTO user_profiles (user_id, full_name, email, profile_picture_url, bio) VALUES ('79', 'Oliver Harris', 'oliver.harris@example.com', 'https://example.com/profiles/oliver.jpg', 'Passionate about culinary experiments.');
INSERT INTO user_profiles (user_id, full_name, email, profile_picture_url, bio) VALUES ('80', 'Emma Turner', 'emma.turner@example.com', 'https://example.com/profiles/emma.jpg', 'Exploring global cuisines.');
INSERT INTO user_profiles (user_id, full_name, email, profile_picture_url, bio) VALUES ('81', 'Noah Mitchell', 'noah.mitchell@example.com', 'https://example.com/profiles/noah.jpg', 'Foodie and travel enthusiast.');
INSERT INTO user_profiles (user_id, full_name, email, profile_picture_url, bio) VALUES ('82', 'Ava Thomas', 'ava.thomas@example.com', 'https://example.com/profiles/ava.jpg', 'Chef at heart.');
INSERT INTO user_profiles (user_id, full_name, email, profile_picture_url, bio) VALUES ('83', 'William Martin', 'william.martin@example.com', 'https://example.com/profiles/william.jpg', 'Creating culinary masterpieces.');
INSERT INTO user_profiles (user_id, full_name, email, profile_picture_url, bio) VALUES ('84', 'Sophia Clark', 'sophia.clark@example.com', 'https://example.com/profiles/sophia.jpg', 'Food explorer and critic.');
INSERT INTO user_profiles (user_id, full_name, email, profile_picture_url, bio) VALUES ('85', 'Jackson Lee', 'jackson.lee@example.com', 'https://example.com/profiles/jackson.jpg', 'Sharing recipes and tips.');
INSERT INTO user_profiles (user_id, full_name, email, profile_picture_url, bio) VALUES ('86', 'Scarlett Turner', 'scarlett.turner@example.com', 'https://example.com/profiles/scarlett.jpg', 'Cooking with love and passion.');
INSERT INTO user_profiles (user_id, full_name, email, profile_picture_url, bio) VALUES ('87', 'Ethan Anderson', 'ethan.anderson@example.com', 'https://example.com/profiles/ethan.jpg', 'Home chef on a culinary journey.');
INSERT INTO user_profiles (user_id, full_name, email, profile_picture_url, bio) VALUES ('88', 'Aria Martinez', 'aria.martinez@example.com', 'https://example.com/profiles/aria.jpg', 'Food enthusiast and blogger.');
INSERT INTO user_profiles (user_id, full_name, email, profile_picture_url, bio) VALUES ('89', 'Henry Lewis', 'henry.lewis@example.com', 'https://example.com/profiles/henry.jpg', 'Creating delicious memories.');
INSERT INTO user_profiles (user_id, full_name, email, profile_picture_url, bio) VALUES ('90', 'Olivia Turner', 'olivia.turner@example.com', 'https://example.com/profiles/olivia.jpg', 'Chef by choice, foodie by nature.');
INSERT INTO user_profiles (user_id, full_name, email, profile_picture_url, bio) VALUES ('91', 'Liam Jackson', 'liam.jackson@example.com', 'https://example.com/profiles/liam.jpg', 'Cooking is my art.');
INSERT INTO user_profiles (user_id, full_name, email, profile_picture_url, bio) VALUES ('92', 'Mia Adams', 'mia.adams@example.com', 'https://example.com/profiles/mia.jpg', 'Passionate about flavors.');
INSERT INTO user_profiles (user_id, full_name, email, profile_picture_url, bio) VALUES ('93', 'James Carter', 'james.carter@example.com', 'https://example.com/profiles/james.jpg', 'Food and friends go hand in hand.');
INSERT INTO user_profiles (user_id, full_name, email, profile_picture_url, bio) VALUES ('94', 'Ava Nelson', 'ava.nelson@example.com', 'https://example.com/profiles/ava.jpg', 'Savoring life, one dish at a time.');
INSERT INTO user_profiles (user_id, full_name, email, profile_picture_url, bio) VALUES ('95', 'Ethan Baker', 'ethan.baker@example.com', 'https://example.com/profiles/ethan.jpg', 'Cooking with creativity.');
INSERT INTO user_profiles (user_id, full_name, email, profile_picture_url, bio) VALUES ('96', 'Grace Green', 'grace.green@example.com', 'https://example.com/profiles/grace.jpg', 'Exploring the culinary world.');
INSERT INTO user_profiles (user_id, full_name, email, profile_picture_url, bio) VALUES ('97', 'Liam Mitchell', 'liam.mitchell@example.com', 'https://example.com/profiles/liam.jpg', 'Cooking is my therapy.');
INSERT INTO user_profiles (user_id, full_name, email, profile_picture_url, bio) VALUES ('98', 'Isabella King', 'isabella.king@example.com', 'https://example.com/profiles/isabella.jpg', 'Cooking with a dash of creativity.');
INSERT INTO user_profiles (user_id, full_name, email, profile_picture_url, bio) VALUES ('99', 'Liam Harris', 'liam.harris@example.com', 'https://example.com/profiles/liam.jpg', 'Food is love, food is life.');
INSERT INTO user_profiles (user_id, full_name, email, profile_picture_url, bio) VALUES ('100', 'Sophia Turner', 'sophia.turner@example.com', 'https://example.com/profiles/sophia.jpg', 'Exploring culinary delights.');
INSERT INTO recipe_comments (comment_id, recipe_id, user_id, comment_text, comment_date) VALUES ('1', '1', '1', 'This recipe is amazing! I tried it last night and it was a hit with my family.', '2023-12-18 12:10:42');
INSERT INTO recipe_comments (comment_id, recipe_id, user_id, comment_text, comment_date) VALUES ('2', '1', '2', 'I love this dish! It is become a family favorite.', '2023-12-18 12:10:42');
INSERT INTO recipe_comments (comment_id, recipe_id, user_id, comment_text, comment_date) VALUES ('3', '1', '3', 'The flavors are so well-balanced. Great recipe!', '2023-12-18 12:10:42');
INSERT INTO recipe_comments (comment_id, recipe_id, user_id, comment_text, comment_date) VALUES ('4', '1', '4', 'I added a little extra spice to mine, and it was perfect!', '2023-12-18 12:10:42');
INSERT INTO recipe_comments (comment_id, recipe_id, user_id, comment_text, comment_date) VALUES ('5', '2', '5', 'This pasta is delicious! I make it regularly for dinner.', '2023-12-18 12:10:42');
INSERT INTO recipe_comments (comment_id, recipe_id, user_id, comment_text, comment_date) VALUES ('6', '2', '6', 'Simple yet tasty. My kids love it!', '2023-12-18 12:10:42');
INSERT INTO recipe_comments (comment_id, recipe_id, user_id, comment_text, comment_date) VALUES ('7', '2', '7', 'I like to add some chopped fresh basil for extra flavor.', '2023-12-18 12:10:42');
INSERT INTO recipe_comments (comment_id, recipe_id, user_id, comment_text, comment_date) VALUES ('8', '3', '8', 'I am a vegetarian, and this recipe is a lifesaver!', '2023-12-18 12:10:42');
INSERT INTO recipe_comments (comment_id, recipe_id, user_id, comment_text, comment_date) VALUES ('9', '3', '9', 'So much flavor in one dish. I cant get enough of it.', '2023-12-18 12:10:42');
INSERT INTO recipe_comments (comment_id, recipe_id, user_id, comment_text, comment_date) VALUES ('10', '3', '10', 'Perfect for a quick and healthy lunch.', '2023-12-18 12:10:42');
INSERT INTO recipe_comments (comment_id, recipe_id, user_id, comment_text, comment_date) VALUES ('11', '4', '24', 'This recipe is a winner! I served it at a dinner party, and everyone loved it.', '2023-12-18 12:10:42');
INSERT INTO recipe_comments (comment_id, recipe_id, user_id, comment_text, comment_date) VALUES ('12', '4', '25', 'The presentation of this dish is as impressive as the taste.', '2023-12-18 12:10:42');
INSERT INTO recipe_comments (comment_id, recipe_id, user_id, comment_text, comment_date) VALUES ('13', '4', '26', 'I am a fan of Italian cuisine, and this recipe nails it.', '2023-12-18 12:10:42');
INSERT INTO recipe_comments (comment_id, recipe_id, user_id, comment_text, comment_date) VALUES ('14', '5', '27', 'This soup is so comforting, especially on a cold day.', '2023-12-18 12:10:42');
INSERT INTO recipe_comments (comment_id, recipe_id, user_id, comment_text, comment_date) VALUES ('15', '5', '28', 'I added some croutons for crunch, and it was perfect!', '2023-12-18 12:10:42');
INSERT INTO recipe_comments (comment_id, recipe_id, user_id, comment_text, comment_date) VALUES ('16', '5', '29', 'My family requests this soup all the time.', '2023-12-18 12:10:42');
INSERT INTO recipe_comments (comment_id, recipe_id, user_id, comment_text, comment_date) VALUES ('17', '6', '30', 'I love seafood, and this recipe is now one of my favorites.', '2023-12-18 12:10:42');
INSERT INTO recipe_comments (comment_id, recipe_id, user_id, comment_text, comment_date) VALUES ('18', '6', '31', 'The garlic butter sauce is a game-changer.', '2023-12-18 12:10:42');
INSERT INTO recipe_comments (comment_id, recipe_id, user_id, comment_text, comment_date) VALUES ('19', '6', '32', 'I served this with a side of garlic bread. So good!', '2023-12-18 12:10:42');
INSERT INTO recipe_comments (comment_id, recipe_id, user_id, comment_text, comment_date) VALUES ('20', '7', '33', 'I am a vegetarian, and this recipe satisfies my cravings.', '2023-12-18 12:10:42');
INSERT INTO recipe_comments (comment_id, recipe_id, user_id, comment_text, comment_date) VALUES ('21', '7', '34', 'The combination of vegetables is fantastic.', '2023-12-18 12:10:42');
INSERT INTO recipe_comments (comment_id, recipe_id, user_id, comment_text, comment_date) VALUES ('22', '7', '35', 'I WIll be making this regularly.', '2023-12-18 12:10:42');
INSERT INTO recipe_comments (comment_id, recipe_id, user_id, comment_text, comment_date) VALUES ('23', '8', '41', 'I tried this for brunch, and it was a hit with my family.', '2023-12-18 12:10:42');
INSERT INTO recipe_comments (comment_id, recipe_id, user_id, comment_text, comment_date) VALUES ('24', '8', '42', 'The recipe is easy to follow, and the taste is fantastic.', '2023-12-18 12:10:42');
INSERT INTO recipe_comments (comment_id, recipe_id, user_id, comment_text, comment_date) VALUES ('25', '8', '43', 'I added some avocado slices for extra creaminess.', '2023-12-18 12:10:42');
INSERT INTO recipe_comments (comment_id, recipe_id, user_id, comment_text, comment_date) VALUES ('26', '9', '44', 'This recipe is perfect for a quick dinner.', '2023-12-18 12:10:42');
INSERT INTO recipe_comments (comment_id, recipe_id, user_id, comment_text, comment_date) VALUES ('27', '9', '45', 'The combination of flavors is delightful.', '2023-12-18 12:10:42');
INSERT INTO recipe_comments (comment_id, recipe_id, user_id, comment_text, comment_date) VALUES ('28', '9', '46', 'I will be making this regularly.', '2023-12-18 12:10:42');
INSERT INTO recipe_comments (comment_id, recipe_id, user_id, comment_text, comment_date) VALUES ('29', '10', '47', 'As a seafood lover, I could not resist trying this recipe.', '2023-12-18 12:10:42');
INSERT INTO recipe_comments (comment_id, recipe_id, user_id, comment_text, comment_date) VALUES ('30', '10', '48', 'The lemony sauce is a game-changer.', '2023-12-18 12:10:42');
INSERT INTO recipe_comments (comment_id, recipe_id, user_id, comment_text, comment_date) VALUES ('31', '10', '49', 'I served it with a side of roasted vegetables. So good!', '2023-12-18 12:10:42');
INSERT INTO recipe_comments (comment_id, recipe_id, user_id, comment_text, comment_date) VALUES ('32', '11', '50', 'I Am a vegetarian, and this recipe is a go-to for me.', '2023-12-18 12:10:42');
INSERT INTO recipe_comments (comment_id, recipe_id, user_id, comment_text, comment_date) VALUES ('33', '11', '51', 'The spices are just right in this dish.', '2023-12-18 12:10:42');
INSERT INTO recipe_comments (comment_id, recipe_id, user_id, comment_text, comment_date) VALUES ('34', '11', '52', 'I added some cilantro for freshness.', '2023-12-18 12:10:42');
INSERT INTO recipe_comments (comment_id, recipe_id, user_id, comment_text, comment_date) VALUES ('35', '12', '56', 'I am a fan of Mexican cuisine, and this recipe is a winner!', '2023-12-18 12:10:42');
INSERT INTO recipe_comments (comment_id, recipe_id, user_id, comment_text, comment_date) VALUES ('36', '12', '57', 'The salsa adds a burst of flavor. Love it!', '2023-12-18 12:10:42');
INSERT INTO recipe_comments (comment_id, recipe_id, user_id, comment_text, comment_date) VALUES ('37', '12', '58', 'I made this for Taco Tuesday, and it was a hit.', '2023-12-18 12:10:42');
INSERT INTO recipe_comments (comment_id, recipe_id, user_id, comment_text, comment_date) VALUES ('38', '13', '59', 'This salad is so refreshing and healthy.', '2023-12-18 12:10:42');
INSERT INTO recipe_comments (comment_id, recipe_id, user_id, comment_text, comment_date) VALUES ('39', '13', '60', 'I like to add some feta cheese for extra creaminess.', '2023-12-18 12:10:42');
INSERT INTO recipe_comments (comment_id, recipe_id, user_id, comment_text, comment_date) VALUES ('40', '13', '61', 'Perfect for a light lunch.', '2023-12-18 12:10:42');
INSERT INTO recipe_comments (comment_id, recipe_id, user_id, comment_text, comment_date) VALUES ('41', '14', '62', 'I am a seafood lover, and this recipe is a must-try.', '2023-12-18 12:10:42');
INSERT INTO recipe_comments (comment_id, recipe_id, user_id, comment_text, comment_date) VALUES ('42', '14', '63', 'The garlic butter sauce is divine.', '2023-12-18 12:10:42');
INSERT INTO recipe_comments (comment_id, recipe_id, user_id, comment_text, comment_date) VALUES ('43', '14', '64', 'I served this with a side of garlic bread. Delicious!', '2023-12-18 12:10:42');
INSERT INTO recipe_comments (comment_id, recipe_id, user_id, comment_text, comment_date) VALUES ('44', '15', '65', 'I made this for a dinner date, and it was a hit!', '2023-12-19 23:13:41');
INSERT INTO recipe_comments (comment_id, recipe_id, user_id, comment_text, comment_date) VALUES ('45', '15', '66', 'The presentation of this dish is impressive.', '2023-12-19 23:13:41');
INSERT INTO recipe_comments (comment_id, recipe_id, user_id, comment_text, comment_date) VALUES ('46', '15', '67', 'The combination of flavors is delightful.', '2023-12-19 23:13:41');
INSERT INTO recipe_comments (comment_id, recipe_id, user_id, comment_text, comment_date) VALUES ('47', '16', '68', 'I am a fan of Asian cuisine, and this recipe is amazing!', '2023-12-19 23:13:41');
INSERT INTO recipe_comments (comment_id, recipe_id, user_id, comment_text, comment_date) VALUES ('48', '16', '69', 'The teriyaki sauce is just perfect.', '2023-12-19 23:13:41');
INSERT INTO recipe_comments (comment_id, recipe_id, user_id, comment_text, comment_date) VALUES ('49', '16', '70', 'I added some sesame seeds for extra crunch.', '2023-12-19 23:13:41');
INSERT INTO recipe_comments (comment_id, recipe_id, user_id, comment_text, comment_date) VALUES ('50', '17', '71', 'I love Mediterranean food, and this recipe is a winner.', '2023-12-19 23:13:41');
INSERT INTO recipe_comments (comment_id, recipe_id, user_id, comment_text, comment_date) VALUES ('51', '17', '72', 'The tzatziki sauce is so refreshing.', '2023-12-19 23:13:41');
INSERT INTO recipe_comments (comment_id, recipe_id, user_id, comment_text, comment_date) VALUES ('52', '17', '73', 'I served it with pita bread. Yum!', '2023-12-19 23:13:41');
INSERT INTO recipe_comments (comment_id, recipe_id, user_id, comment_text, comment_date) VALUES ('53', '18', '74', 'This soup is so comforting, especially in the winter.', '2023-12-19 23:13:41');
INSERT INTO recipe_comments (comment_id, recipe_id, user_id, comment_text, comment_date) VALUES ('54', '18', '75', 'I like to garnish it with fresh herbs.', '2023-12-19 23:13:41');
INSERT INTO recipe_comments (comment_id, recipe_id, user_id, comment_text, comment_date) VALUES ('55', '18', '76', 'Perfect for a cozy night in.', '2023-12-19 23:13:41');
INSERT INTO recipe_comments (comment_id, recipe_id, user_id, comment_text, comment_date) VALUES ('56', '18', '80', 'This soup is incredibly comforting, especially during the winter.', '2023-12-19 23:13:41');
INSERT INTO recipe_comments (comment_id, recipe_id, user_id, comment_text, comment_date) VALUES ('57', '18', '81', 'I like to garnish it with fresh herbs for added flavor.', '2023-12-19 23:13:41');
INSERT INTO recipe_comments (comment_id, recipe_id, user_id, comment_text, comment_date) VALUES ('58', '18', '82', 'Perfect for a cozy night in.', '2023-12-19 23:13:41');
INSERT INTO recipe_comments (comment_id, recipe_id, user_id, comment_text, comment_date) VALUES ('59', '19', '83', 'I am a vegetarian, and this recipe is a lifesaver!', '2023-12-19 23:13:41');
INSERT INTO recipe_comments (comment_id, recipe_id, user_id, comment_text, comment_date) VALUES ('60', '19', '84', 'The spiciness of this dish is just right.', '2023-12-19 23:13:41');
INSERT INTO recipe_comments (comment_id, recipe_id, user_id, comment_text, comment_date) VALUES ('61', '19', '85', 'I added plenty of Sriracha sauce, and it was perfect!', '2023-12-19 23:13:41');
INSERT INTO recipe_comments (comment_id, recipe_id, user_id, comment_text, comment_date) VALUES ('62', '20', '86', 'This was a delicious family dinner.', '2023-12-19 23:13:41');
INSERT INTO recipe_comments (comment_id, recipe_id, user_id, comment_text, comment_date) VALUES ('63', '20', '87', 'I squeezed some fresh lemon juice for extra freshness.', '2023-12-19 23:13:41');
INSERT INTO recipe_comments (comment_id, recipe_id, user_id, comment_text, comment_date) VALUES ('64', '20', '88', 'This recipe is my go-to for weekends.', '2023-12-19 23:13:41');
INSERT INTO recipe_comments (comment_id, recipe_id, user_id, comment_text, comment_date) VALUES ('65', '21', '89', 'I am a fan of Asian flavors, and this recipe nails it!', '2023-12-19 23:13:41');
INSERT INTO recipe_comments (comment_id, recipe_id, user_id, comment_text, comment_date) VALUES ('66', '21', '90', 'The teriyaki sauce is spot on.', '2023-12-19 23:13:41');
INSERT INTO recipe_comments (comment_id, recipe_id, user_id, comment_text, comment_date) VALUES ('67', '21', '91', 'I garnished it with sesame seeds for that extra crunch.', '2023-12-19 23:13:41');
INSERT INTO recipe_comments (comment_id, recipe_id, user_id, comment_text, comment_date) VALUES ('68', '22', '95', 'I tried this for a family gathering, and it was a hit!', '2023-12-19 23:13:41');
INSERT INTO recipe_comments (comment_id, recipe_id, user_id, comment_text, comment_date) VALUES ('69', '22', '96', 'The combination of flavors is fantastic.', '2023-12-19 23:13:41');
INSERT INTO recipe_comments (comment_id, recipe_id, user_id, comment_text, comment_date) VALUES ('70', '22', '97', 'I added some fresh basil leaves for extra aroma.', '2023-12-19 23:13:41');
INSERT INTO recipe_comments (comment_id, recipe_id, user_id, comment_text, comment_date) VALUES ('71', '23', '98', 'I am a seafood enthusiast, and this recipe is a must-try.', '2023-12-19 23:13:41');
INSERT INTO recipe_comments (comment_id, recipe_id, user_id, comment_text, comment_date) VALUES ('72', '23', '99', 'The garlic butter sauce is heavenly.', '2023-12-19 23:13:41');
INSERT INTO recipe_comments (comment_id, recipe_id, user_id, comment_text, comment_date) VALUES ('73', '23', '100', 'I served it with a side of garlic bread. So good!', '2023-12-19 23:13:41');
INSERT INTO recipe_comments (comment_id, recipe_id, user_id, comment_text, comment_date) VALUES ('74', '24', '1', 'I made this for a cozy dinner at home.', '2023-12-19 23:13:41');
INSERT INTO recipe_comments (comment_id, recipe_id, user_id, comment_text, comment_date) VALUES ('75', '24', '2', 'The dish was a hit with my friends.', '2023-12-19 23:13:41');
INSERT INTO recipe_comments (comment_id, recipe_id, user_id, comment_text, comment_date) VALUES ('76', '24', '3', 'I will be making this again soon.', '2023-12-19 23:13:41');
INSERT INTO recipe_comments (comment_id, recipe_id, user_id, comment_text, comment_date) VALUES ('77', '25', '7', 'This recipe is a family favorite. So delicious!', '2023-12-19 23:13:41');
INSERT INTO recipe_comments (comment_id, recipe_id, user_id, comment_text, comment_date) VALUES ('78', '26', '8', 'I made this for a potluck, and it disappeared in no time.', '2023-12-19 23:13:41');
INSERT INTO recipe_comments (comment_id, recipe_id, user_id, comment_text, comment_date) VALUES ('79', '27', '9', 'The combination of flavors in this dish is outstanding.', '2023-12-19 23:13:41');
INSERT INTO recipe_comments (comment_id, recipe_id, user_id, comment_text, comment_date) VALUES ('80', '28', '10', 'This recipe is a weeknight dinner savior. Quick and tasty!', '2023-12-19 23:13:41');
INSERT INTO recipe_comments (comment_id, recipe_id, user_id, comment_text, comment_date) VALUES ('81', '29', '11', 'I served this at a dinner party, and it was a hit.', '2023-12-19 23:13:41');
INSERT INTO recipe_comments (comment_id, recipe_id, user_id, comment_text, comment_date) VALUES ('82', '30', '12', 'The sauce in this recipe is a game-changer.', '2023-12-19 23:13:41');
INSERT INTO recipe_comments (comment_id, recipe_id, user_id, comment_text, comment_date) VALUES ('83', '31', '13', 'I am a vegetarian, and this dish satisfies my cravings.', '2023-12-19 23:13:41');
INSERT INTO recipe_comments (comment_id, recipe_id, user_id, comment_text, comment_date) VALUES ('84', '32', '14', 'Perfect recipe for a summer barbecue.', '2023-12-19 23:13:41');
INSERT INTO recipe_comments (comment_id, recipe_id, user_id, comment_text, comment_date) VALUES ('85', '33', '15', 'I added some extra spice to this recipe. It was perfect!', '2023-12-19 23:13:41');
INSERT INTO recipe_comments (comment_id, recipe_id, user_id, comment_text, comment_date) VALUES ('86', '34', '16', 'My family requests this dish all the time.', '2023-12-19 23:13:41');
INSERT INTO recipe_comments (comment_id, recipe_id, user_id, comment_text, comment_date) VALUES ('87', '35', '17', 'The presentation of this recipe is impressive.', '2023-12-19 23:13:41');
INSERT INTO recipe_comments (comment_id, recipe_id, user_id, comment_text, comment_date) VALUES ('88', '36', '18', 'I served this as an appetizer, and it was a hit!', '2023-12-19 23:13:41');
INSERT INTO recipe_comments (comment_id, recipe_id, user_id, comment_text, comment_date) VALUES ('89', '37', '19', 'This soup is incredibly comforting on a rainy day.', '2023-12-19 23:13:41');
INSERT INTO recipe_comments (comment_id, recipe_id, user_id, comment_text, comment_date) VALUES ('90', '38', '20', 'I am a fan of Mexican cuisine, and this recipe is top-notch.', '2023-12-19 23:13:41');
INSERT INTO recipe_comments (comment_id, recipe_id, user_id, comment_text, comment_date) VALUES ('91', '39', '21', 'I made this for a brunch with friends, and it was a hit.', '2023-12-19 23:13:41');
INSERT INTO recipe_comments (comment_id, recipe_id, user_id, comment_text, comment_date) VALUES ('92', '40', '22', 'The combination of ingredients in this recipe is fantastic.', '2023-12-19 23:13:41');
INSERT INTO recipe_comments (comment_id, recipe_id, user_id, comment_text, comment_date) VALUES ('93', '41', '23', 'I tried this recipe for a special occasion, and it was perfect.', '2023-12-19 23:13:41');
INSERT INTO recipe_comments (comment_id, recipe_id, user_id, comment_text, comment_date) VALUES ('94', '42', '24', 'This dessert is a showstopper. Great for celebrations.', '2023-12-19 23:13:41');
INSERT INTO recipe_comments (comment_id, recipe_id, user_id, comment_text, comment_date) VALUES ('95', '43', '25', 'I am a seafood lover, and this recipe is a must-try.', '2023-12-19 23:13:41');
INSERT INTO recipe_comments (comment_id, recipe_id, user_id, comment_text, comment_date) VALUES ('96', '44', '26', 'The flavors in this dish are incredible.', '2023-12-19 23:13:41');
INSERT INTO recipe_comments (comment_id, recipe_id, user_id, comment_text, comment_date) VALUES ('97', '45', '27', 'I made this for a dinner date, and it was a hit!', '2023-12-19 23:13:41');
INSERT INTO recipe_comments (comment_id, recipe_id, user_id, comment_text, comment_date) VALUES ('98', '46', '28', 'This salad is my go-to for a healthy lunch.', '2023-12-19 23:13:41');
INSERT INTO recipe_comments (comment_id, recipe_id, user_id, comment_text, comment_date) VALUES ('99', '47', '29', 'The combination of spices in this recipe is perfect.', '2023-12-19 23:13:41');
INSERT INTO recipe_comments (comment_id, recipe_id, user_id, comment_text, comment_date) VALUES ('100', '48', '30', 'I served this at a family gathering, and everyone loved it.', '2023-12-19 23:13:41');
INSERT INTO recipe_comments (comment_id, recipe_id, user_id, comment_text, comment_date) VALUES ('101', '49', '31', 'This recipe is perfect for a cozy dinner at home.', '2023-12-19 23:13:41');
INSERT INTO recipe_comments (comment_id, recipe_id, user_id, comment_text, comment_date) VALUES ('102', '50', '32', 'I am a fan of Italian cuisine, and this recipe delivers.', '2023-12-19 23:13:41');
INSERT INTO recipe_comments (comment_id, recipe_id, user_id, comment_text, comment_date) VALUES ('103', '51', '33', 'I added some extra cheese to this recipe. So indulgent!', '2023-12-19 23:13:41');
INSERT INTO recipe_comments (comment_id, recipe_id, user_id, comment_text, comment_date) VALUES ('104', '52', '34', 'I made this for a weekend brunch, and it was a hit.', '2023-12-19 23:13:41');
INSERT INTO recipe_comments (comment_id, recipe_id, user_id, comment_text, comment_date) VALUES ('105', '53', '35', 'This dessert is a masterpiece. Loved it!', '2023-12-19 23:13:41');
INSERT INTO recipe_comments (comment_id, recipe_id, user_id, comment_text, comment_date) VALUES ('106', '54', '36', 'I am a fan of Asian flavors, and this recipe is spot on.', '2023-12-19 23:13:41');
INSERT INTO recipe_comments (comment_id, recipe_id, user_id, comment_text, comment_date) VALUES ('107', '55', '37', 'I served this at a potluck, and it disappeared quickly.', '2023-12-19 23:13:41');
INSERT INTO recipe_comments (comment_id, recipe_id, user_id, comment_text, comment_date) VALUES ('108', '56', '38', 'The combination of ingredients in this dish is delightful.', '2023-12-19 23:13:41');
INSERT INTO recipe_comments (comment_id, recipe_id, user_id, comment_text, comment_date) VALUES ('109', '57', '39', 'I made this for a family dinner, and it was a hit.', '2023-12-19 23:13:41');
INSERT INTO recipe_comments (comment_id, recipe_id, user_id, comment_text, comment_date) VALUES ('110', '58', '40', 'This recipe is perfect for a summer barbecue.', '2023-12-19 23:13:41');
INSERT INTO recipe_comments (comment_id, recipe_id, user_id, comment_text, comment_date) VALUES ('111', '59', '41', 'I am a seafood enthusiast, and this dish is amazing!', '2023-12-19 23:13:41');
INSERT INTO recipe_comments (comment_id, recipe_id, user_id, comment_text, comment_date) VALUES ('112', '60', '42', 'I made this for a romantic dinner, and it was perfect.', '2023-12-19 23:13:41');
INSERT INTO recipe_comments (comment_id, recipe_id, user_id, comment_text, comment_date) VALUES ('113', '61', '43', 'The presentation of this recipe is impressive.', '2023-12-19 23:13:41');
INSERT INTO recipe_comments (comment_id, recipe_id, user_id, comment_text, comment_date) VALUES ('114', '62', '44', 'I am a fan of Mexican cuisine, and this recipe delivers.', '2023-12-19 23:13:41');
INSERT INTO recipe_comments (comment_id, recipe_id, user_id, comment_text, comment_date) VALUES ('115', '63', '45', 'I served this at a dinner party, and everyone loved it.', '2023-12-19 23:13:41');
INSERT INTO recipe_comments (comment_id, recipe_id, user_id, comment_text, comment_date) VALUES ('116', '64', '46', 'The sauce in this recipe is a game-changer.', '2023-12-19 23:13:41');
INSERT INTO recipe_comments (comment_id, recipe_id, user_id, comment_text, comment_date) VALUES ('117', '65', '47', 'I am a vegetarian, and this dish satisfies my cravings.', '2023-12-19 23:13:41');
INSERT INTO recipe_comments (comment_id, recipe_id, user_id, comment_text, comment_date) VALUES ('118', '66', '48', 'Perfect recipe for a summer barbecue.', '2023-12-19 23:13:41');
INSERT INTO recipe_comments (comment_id, recipe_id, user_id, comment_text, comment_date) VALUES ('119', '67', '49', 'I added some extra spice to this recipe. It was perfect!', '2023-12-19 23:13:41');
INSERT INTO recipe_comments (comment_id, recipe_id, user_id, comment_text, comment_date) VALUES ('120', '68', '50', 'My family requests this dish all the time.', '2023-12-19 23:13:41');
INSERT INTO recipe_comments (comment_id, recipe_id, user_id, comment_text, comment_date) VALUES ('121', '69', '51', 'The presentation of this recipe is impressive.', '2023-12-19 23:13:41');
INSERT INTO recipe_comments (comment_id, recipe_id, user_id, comment_text, comment_date) VALUES ('122', '70', '52', 'I served this as an appetizer, and it was a hit!', '2023-12-19 23:13:41');
INSERT INTO recipe_comments (comment_id, recipe_id, user_id, comment_text, comment_date) VALUES ('123', '1', '22', 'Test comment', '2023-12-24 00:02:14');
INSERT INTO recipe_comments (comment_id, recipe_id, user_id, comment_text, comment_date) VALUES ('124', '4', '100', 'Sample comment', '2023-12-24 00:08:32');
INSERT INTO recipe_comments (comment_id, recipe_id, user_id, comment_text, comment_date) VALUES ('125', '34', '22', 'Love comment', '2023-12-27 00:49:21');
INSERT INTO recipe_comments (comment_id, recipe_id, user_id, comment_text, comment_date) VALUES ('126', '4', '100', 'Sample comment', '2023-12-27 00:53:03');
INSERT INTO recipe_tags (recipe_id, tag_name) VALUES ('1', 'Italian');
INSERT INTO recipe_tags (recipe_id, tag_name) VALUES ('1', 'Pasta');
INSERT INTO recipe_tags (recipe_id, tag_name) VALUES ('1', 'Tomato Sauce');
INSERT INTO recipe_tags (recipe_id, tag_name) VALUES ('2', 'Mexican');
INSERT INTO recipe_tags (recipe_id, tag_name) VALUES ('2', 'Tacos');
INSERT INTO recipe_tags (recipe_id, tag_name) VALUES ('2', 'Spicy');
INSERT INTO recipe_tags (recipe_id, tag_name) VALUES ('3', 'Asian');
INSERT INTO recipe_tags (recipe_id, tag_name) VALUES ('3', 'Stir-fry');
INSERT INTO recipe_tags (recipe_id, tag_name) VALUES ('3', 'Teriyaki');
INSERT INTO recipe_tags (recipe_id, tag_name) VALUES ('4', 'Mediterranean');
INSERT INTO recipe_tags (recipe_id, tag_name) VALUES ('4', 'Greek');
INSERT INTO recipe_tags (recipe_id, tag_name) VALUES ('4', 'Tzatziki');
INSERT INTO recipe_tags (recipe_id, tag_name) VALUES ('5', 'Soup');
INSERT INTO recipe_tags (recipe_id, tag_name) VALUES ('5', 'Vegetarian');
INSERT INTO recipe_tags (recipe_id, tag_name) VALUES ('5', 'Comfort Food');
INSERT INTO recipe_tags (recipe_id, tag_name) VALUES ('6', 'Dessert');
INSERT INTO recipe_tags (recipe_id, tag_name) VALUES ('6', 'Chocolate');
INSERT INTO recipe_tags (recipe_id, tag_name) VALUES ('6', 'Cake');
INSERT INTO recipe_tags (recipe_id, tag_name) VALUES ('7', 'Seafood');
INSERT INTO recipe_tags (recipe_id, tag_name) VALUES ('7', 'Shrimp');
INSERT INTO recipe_tags (recipe_id, tag_name) VALUES ('7', 'Garlic Butter');
INSERT INTO recipe_tags (recipe_id, tag_name) VALUES ('8', 'Italian');
INSERT INTO recipe_tags (recipe_id, tag_name) VALUES ('8', 'Pizza');
INSERT INTO recipe_tags (recipe_id, tag_name) VALUES ('8', 'Homemade');
INSERT INTO recipe_tags (recipe_id, tag_name) VALUES ('9', 'Mexican');
INSERT INTO recipe_tags (recipe_id, tag_name) VALUES ('9', 'Enchiladas');
INSERT INTO recipe_tags (recipe_id, tag_name) VALUES ('9', 'Cheese');
INSERT INTO recipe_tags (recipe_id, tag_name) VALUES ('10', 'Asian');
INSERT INTO recipe_tags (recipe_id, tag_name) VALUES ('10', 'Noodles');
INSERT INTO recipe_tags (recipe_id, tag_name) VALUES ('10', 'Sesame');
INSERT INTO recipe_tags (recipe_id, tag_name) VALUES ('11', 'Mediterranean');
INSERT INTO recipe_tags (recipe_id, tag_name) VALUES ('11', 'Salad');
INSERT INTO recipe_tags (recipe_id, tag_name) VALUES ('11', 'Olives');
INSERT INTO recipe_tags (recipe_id, tag_name) VALUES ('12', 'Soup');
INSERT INTO recipe_tags (recipe_id, tag_name) VALUES ('12', 'Healthy');
INSERT INTO recipe_tags (recipe_id, tag_name) VALUES ('12', 'Vegetables');
INSERT INTO recipe_tags (recipe_id, tag_name) VALUES ('13', 'Mexican');
INSERT INTO recipe_tags (recipe_id, tag_name) VALUES ('13', 'Guacamole');
INSERT INTO recipe_tags (recipe_id, tag_name) VALUES ('13', 'Tortilla Chips');
INSERT INTO recipe_tags (recipe_id, tag_name) VALUES ('14', 'Italian');
INSERT INTO recipe_tags (recipe_id, tag_name) VALUES ('14', 'Lasagna');
INSERT INTO recipe_tags (recipe_id, tag_name) VALUES ('14', 'Cheese');
INSERT INTO recipe_tags (recipe_id, tag_name) VALUES ('15', 'Asian');
INSERT INTO recipe_tags (recipe_id, tag_name) VALUES ('15', 'Sushi');
INSERT INTO recipe_tags (recipe_id, tag_name) VALUES ('15', 'Soy Sauce');
INSERT INTO recipe_tags (recipe_id, tag_name) VALUES ('16', 'Mexican');
INSERT INTO recipe_tags (recipe_id, tag_name) VALUES ('16', 'Burritos');
INSERT INTO recipe_tags (recipe_id, tag_name) VALUES ('16', 'Beans');
INSERT INTO recipe_tags (recipe_id, tag_name) VALUES ('17', 'Mediterranean');
INSERT INTO recipe_tags (recipe_id, tag_name) VALUES ('17', 'Hummus');
INSERT INTO recipe_tags (recipe_id, tag_name) VALUES ('17', 'Pita Bread');
INSERT INTO recipe_tags (recipe_id, tag_name) VALUES ('18', 'Soup');
INSERT INTO recipe_tags (recipe_id, tag_name) VALUES ('18', 'Tomato Soup');
INSERT INTO recipe_tags (recipe_id, tag_name) VALUES ('18', 'Basil');
INSERT INTO recipe_tags (recipe_id, tag_name) VALUES ('19', 'Asian');
INSERT INTO recipe_tags (recipe_id, tag_name) VALUES ('19', 'Ramen');
INSERT INTO recipe_tags (recipe_id, tag_name) VALUES ('19', 'Spicy');
INSERT INTO recipe_tags (recipe_id, tag_name) VALUES ('20', 'Mexican');
INSERT INTO recipe_tags (recipe_id, tag_name) VALUES ('20', 'Tacos');
INSERT INTO recipe_tags (recipe_id, tag_name) VALUES ('20', 'Avocado');
INSERT INTO recipe_tags (recipe_id, tag_name) VALUES ('21', 'Mediterranean');
INSERT INTO recipe_tags (recipe_id, tag_name) VALUES ('21', 'Kebabs');
INSERT INTO recipe_tags (recipe_id, tag_name) VALUES ('21', 'Tzatziki Sauce');
INSERT INTO recipe_tags (recipe_id, tag_name) VALUES ('22', 'Italian');
INSERT INTO recipe_tags (recipe_id, tag_name) VALUES ('22', 'Spaghetti');
INSERT INTO recipe_tags (recipe_id, tag_name) VALUES ('22', 'Meatballs');
INSERT INTO recipe_tags (recipe_id, tag_name) VALUES ('23', 'Dessert');
INSERT INTO recipe_tags (recipe_id, tag_name) VALUES ('23', 'Cheesecake');
INSERT INTO recipe_tags (recipe_id, tag_name) VALUES ('23', 'Raspberry');
INSERT INTO recipe_tags (recipe_id, tag_name) VALUES ('24', 'Seafood');
INSERT INTO recipe_tags (recipe_id, tag_name) VALUES ('24', 'Salmon');
INSERT INTO recipe_tags (recipe_id, tag_name) VALUES ('24', 'Lemon Butter');
INSERT INTO recipe_tags (recipe_id, tag_name) VALUES ('25', 'Mexican');
INSERT INTO recipe_tags (recipe_id, tag_name) VALUES ('25', 'Salsa');
INSERT INTO recipe_tags (recipe_id, tag_name) VALUES ('25', 'Cilantro');
INSERT INTO recipe_tags (recipe_id, tag_name) VALUES ('26', 'Asian');
INSERT INTO recipe_tags (recipe_id, tag_name) VALUES ('26', 'Spring Rolls');
INSERT INTO recipe_tags (recipe_id, tag_name) VALUES ('26', 'Peanut Sauce');
INSERT INTO recipe_tags (recipe_id, tag_name) VALUES ('27', 'Italian');
INSERT INTO recipe_tags (recipe_id, tag_name) VALUES ('27', 'Calzone');
INSERT INTO recipe_tags (recipe_id, tag_name) VALUES ('27', 'Mozzarella');
INSERT INTO recipe_tags (recipe_id, tag_name) VALUES ('28', 'Mediterranean');
INSERT INTO recipe_tags (recipe_id, tag_name) VALUES ('28', 'Tabbouleh');
INSERT INTO recipe_tags (recipe_id, tag_name) VALUES ('28', 'Cucumber');
INSERT INTO recipe_tags (recipe_id, tag_name) VALUES ('29', 'Mexican');
INSERT INTO recipe_tags (recipe_id, tag_name) VALUES ('29', 'Nachos');
INSERT INTO recipe_tags (recipe_id, tag_name) VALUES ('29', 'Jalapeños');
INSERT INTO recipe_tags (recipe_id, tag_name) VALUES ('30', 'Dessert');
INSERT INTO recipe_tags (recipe_id, tag_name) VALUES ('30', 'Ice Cream');
INSERT INTO recipe_tags (recipe_id, tag_name) VALUES ('30', 'Chocolate Sauce');
INSERT INTO recipe_tags (recipe_id, tag_name) VALUES ('31', 'Mexican');
INSERT INTO recipe_tags (recipe_id, tag_name) VALUES ('31', 'Enchiladas');
INSERT INTO recipe_tags (recipe_id, tag_name) VALUES ('31', 'Cheese');
INSERT INTO recipe_tags (recipe_id, tag_name) VALUES ('32', 'Asian');
INSERT INTO recipe_tags (recipe_id, tag_name) VALUES ('32', 'Noodles');
INSERT INTO recipe_tags (recipe_id, tag_name) VALUES ('32', 'Sesame');
INSERT INTO recipe_tags (recipe_id, tag_name) VALUES ('33', 'Mediterranean');
INSERT INTO recipe_tags (recipe_id, tag_name) VALUES ('33', 'Salad');
INSERT INTO recipe_tags (recipe_id, tag_name) VALUES ('33', 'Olives');
INSERT INTO recipe_tags (recipe_id, tag_name) VALUES ('34', 'Soup');
INSERT INTO recipe_tags (recipe_id, tag_name) VALUES ('34', 'Healthy');
INSERT INTO recipe_tags (recipe_id, tag_name) VALUES ('34', 'Vegetables');
INSERT INTO recipe_tags (recipe_id, tag_name) VALUES ('35', 'Mexican');
INSERT INTO recipe_tags (recipe_id, tag_name) VALUES ('35', 'Guacamole');
INSERT INTO recipe_tags (recipe_id, tag_name) VALUES ('35', 'Tortilla Chips');
INSERT INTO recipe_tags (recipe_id, tag_name) VALUES ('36', 'Italian');
INSERT INTO recipe_tags (recipe_id, tag_name) VALUES ('36', 'Lasagna');
INSERT INTO recipe_tags (recipe_id, tag_name) VALUES ('36', 'Cheese');
INSERT INTO recipe_tags (recipe_id, tag_name) VALUES ('37', 'Asian');
INSERT INTO recipe_tags (recipe_id, tag_name) VALUES ('37', 'Sushi');
INSERT INTO recipe_tags (recipe_id, tag_name) VALUES ('37', 'Soy Sauce');
INSERT INTO recipe_tags (recipe_id, tag_name) VALUES ('38', 'Mexican');
INSERT INTO recipe_tags (recipe_id, tag_name) VALUES ('38', 'Burritos');
INSERT INTO recipe_tags (recipe_id, tag_name) VALUES ('38', 'Beans');
INSERT INTO recipe_tags (recipe_id, tag_name) VALUES ('39', 'Mediterranean');
INSERT INTO recipe_tags (recipe_id, tag_name) VALUES ('39', 'Hummus');
INSERT INTO recipe_tags (recipe_id, tag_name) VALUES ('39', 'Pita Bread');
INSERT INTO recipe_tags (recipe_id, tag_name) VALUES ('40', 'Soup');
INSERT INTO recipe_tags (recipe_id, tag_name) VALUES ('40', 'Tomato Soup');
INSERT INTO recipe_tags (recipe_id, tag_name) VALUES ('40', 'Basil');
INSERT INTO recipe_tags (recipe_id, tag_name) VALUES ('41', 'Asian');
INSERT INTO recipe_tags (recipe_id, tag_name) VALUES ('41', 'Ramen');
INSERT INTO recipe_tags (recipe_id, tag_name) VALUES ('41', 'Spicy');
INSERT INTO recipe_tags (recipe_id, tag_name) VALUES ('42', 'Mexican');
INSERT INTO recipe_tags (recipe_id, tag_name) VALUES ('42', 'Tacos');
INSERT INTO recipe_tags (recipe_id, tag_name) VALUES ('42', 'Avocado');
INSERT INTO recipe_tags (recipe_id, tag_name) VALUES ('43', 'Mediterranean');
INSERT INTO recipe_tags (recipe_id, tag_name) VALUES ('43', 'Kebabs');
INSERT INTO recipe_tags (recipe_id, tag_name) VALUES ('43', 'Tzatziki Sauce');
INSERT INTO recipe_tags (recipe_id, tag_name) VALUES ('44', 'Italian');
INSERT INTO recipe_tags (recipe_id, tag_name) VALUES ('44', 'Spaghetti');
INSERT INTO recipe_tags (recipe_id, tag_name) VALUES ('44', 'Meatballs');
INSERT INTO recipe_tags (recipe_id, tag_name) VALUES ('45', 'Dessert');
INSERT INTO recipe_tags (recipe_id, tag_name) VALUES ('45', 'Cheesecake');
INSERT INTO recipe_tags (recipe_id, tag_name) VALUES ('45', 'Raspberry');
INSERT INTO recipe_tags (recipe_id, tag_name) VALUES ('46', 'Seafood');
INSERT INTO recipe_tags (recipe_id, tag_name) VALUES ('46', 'Salmon');
INSERT INTO recipe_tags (recipe_id, tag_name) VALUES ('46', 'Lemon Butter');
INSERT INTO recipe_tags (recipe_id, tag_name) VALUES ('47', 'Mexican');
INSERT INTO recipe_tags (recipe_id, tag_name) VALUES ('47', 'Salsa');
INSERT INTO recipe_tags (recipe_id, tag_name) VALUES ('47', 'Cilantro');
INSERT INTO recipe_tags (recipe_id, tag_name) VALUES ('48', 'Asian');
INSERT INTO recipe_tags (recipe_id, tag_name) VALUES ('48', 'Spring Rolls');
INSERT INTO recipe_tags (recipe_id, tag_name) VALUES ('48', 'Peanut Sauce');
INSERT INTO recipe_tags (recipe_id, tag_name) VALUES ('49', 'Italian');
INSERT INTO recipe_tags (recipe_id, tag_name) VALUES ('49', 'Calzone');
INSERT INTO recipe_tags (recipe_id, tag_name) VALUES ('49', 'Mozzarella');
INSERT INTO recipe_tags (recipe_id, tag_name) VALUES ('50', 'Mediterranean');
INSERT INTO recipe_tags (recipe_id, tag_name) VALUES ('50', 'Tabbouleh');
INSERT INTO recipe_tags (recipe_id, tag_name) VALUES ('50', 'Cucumber');
INSERT INTO recipe_tags (recipe_id, tag_name) VALUES ('51', 'Mexican');
INSERT INTO recipe_tags (recipe_id, tag_name) VALUES ('51', 'Nachos');
INSERT INTO recipe_tags (recipe_id, tag_name) VALUES ('51', 'Jalapeños');
INSERT INTO recipe_tags (recipe_id, tag_name) VALUES ('52', 'Dessert');
INSERT INTO recipe_tags (recipe_id, tag_name) VALUES ('52', 'Ice Cream');
INSERT INTO recipe_tags (recipe_id, tag_name) VALUES ('52', 'Chocolate Sauce');
INSERT INTO recipe_tags (recipe_id, tag_name) VALUES ('53', 'Italian');
INSERT INTO recipe_tags (recipe_id, tag_name) VALUES ('53', 'Lasagna');
INSERT INTO recipe_tags (recipe_id, tag_name) VALUES ('53', 'Cheese');
INSERT INTO recipe_tags (recipe_id, tag_name) VALUES ('54', 'Asian');
INSERT INTO recipe_tags (recipe_id, tag_name) VALUES ('54', 'Sushi');
INSERT INTO recipe_tags (recipe_id, tag_name) VALUES ('54', 'Soy Sauce');
INSERT INTO recipe_tags (recipe_id, tag_name) VALUES ('55', 'Mexican');
INSERT INTO recipe_tags (recipe_id, tag_name) VALUES ('55', 'Burritos');
INSERT INTO recipe_tags (recipe_id, tag_name) VALUES ('55', 'Beans');
INSERT INTO recipe_tags (recipe_id, tag_name) VALUES ('56', 'Mediterranean');
INSERT INTO recipe_tags (recipe_id, tag_name) VALUES ('56', 'Hummus');
INSERT INTO recipe_tags (recipe_id, tag_name) VALUES ('56', 'Pita Bread');
INSERT INTO recipe_tags (recipe_id, tag_name) VALUES ('57', 'Soup');
INSERT INTO recipe_tags (recipe_id, tag_name) VALUES ('57', 'Tomato Soup');
INSERT INTO recipe_tags (recipe_id, tag_name) VALUES ('57', 'Basil');
INSERT INTO recipe_tags (recipe_id, tag_name) VALUES ('58', 'Asian');
INSERT INTO recipe_tags (recipe_id, tag_name) VALUES ('58', 'Ramen');
INSERT INTO recipe_tags (recipe_id, tag_name) VALUES ('58', 'Spicy');
INSERT INTO recipe_tags (recipe_id, tag_name) VALUES ('59', 'Mexican');
INSERT INTO recipe_tags (recipe_id, tag_name) VALUES ('59', 'Tacos');
INSERT INTO recipe_tags (recipe_id, tag_name) VALUES ('59', 'Avocado');
INSERT INTO recipe_tags (recipe_id, tag_name) VALUES ('60', 'Mediterranean');
INSERT INTO recipe_tags (recipe_id, tag_name) VALUES ('60', 'Kebabs');
INSERT INTO recipe_tags (recipe_id, tag_name) VALUES ('60', 'Tzatziki Sauce');
INSERT INTO recipe_tags (recipe_id, tag_name) VALUES ('61', 'Italian');
INSERT INTO recipe_tags (recipe_id, tag_name) VALUES ('61', 'Spaghetti');
INSERT INTO recipe_tags (recipe_id, tag_name) VALUES ('61', 'Meatballs');
INSERT INTO recipe_tags (recipe_id, tag_name) VALUES ('62', 'Dessert');
INSERT INTO recipe_tags (recipe_id, tag_name) VALUES ('62', 'Cheesecake');
INSERT INTO recipe_tags (recipe_id, tag_name) VALUES ('62', 'Raspberry');
INSERT INTO recipe_tags (recipe_id, tag_name) VALUES ('63', 'Seafood');
INSERT INTO recipe_tags (recipe_id, tag_name) VALUES ('63', 'Salmon');
INSERT INTO recipe_tags (recipe_id, tag_name) VALUES ('63', 'Lemon Butter');
INSERT INTO recipe_tags (recipe_id, tag_name) VALUES ('64', 'Mexican');
INSERT INTO recipe_tags (recipe_id, tag_name) VALUES ('64', 'Salsa');
INSERT INTO recipe_tags (recipe_id, tag_name) VALUES ('64', 'Cilantro');
INSERT INTO recipe_tags (recipe_id, tag_name) VALUES ('65', 'Asian');
INSERT INTO recipe_tags (recipe_id, tag_name) VALUES ('65', 'Spring Rolls');
INSERT INTO recipe_tags (recipe_id, tag_name) VALUES ('65', 'Peanut Sauce');
INSERT INTO recipe_tags (recipe_id, tag_name) VALUES ('66', 'Italian');
INSERT INTO recipe_tags (recipe_id, tag_name) VALUES ('66', 'Calzone');
INSERT INTO recipe_tags (recipe_id, tag_name) VALUES ('66', 'Mozzarella');
INSERT INTO recipe_tags (recipe_id, tag_name) VALUES ('67', 'Mediterranean');
INSERT INTO recipe_tags (recipe_id, tag_name) VALUES ('67', 'Tabbouleh');
INSERT INTO recipe_tags (recipe_id, tag_name) VALUES ('67', 'Cucumber');
INSERT INTO recipe_tags (recipe_id, tag_name) VALUES ('68', 'Mexican');
INSERT INTO recipe_tags (recipe_id, tag_name) VALUES ('68', 'Nachos');
INSERT INTO recipe_tags (recipe_id, tag_name) VALUES ('68', 'Jalapeños');
INSERT INTO recipe_tags (recipe_id, tag_name) VALUES ('69', 'Dessert');
INSERT INTO recipe_tags (recipe_id, tag_name) VALUES ('69', 'Ice Cream');
INSERT INTO recipe_tags (recipe_id, tag_name) VALUES ('69', 'Chocolate Sauce');
INSERT INTO recipe_tags (recipe_id, tag_name) VALUES ('70', 'Italian');
INSERT INTO recipe_tags (recipe_id, tag_name) VALUES ('70', 'Lasagna');
INSERT INTO recipe_tags (recipe_id, tag_name) VALUES ('70', 'Cheese');
